"Resource Type","Item Code","Item Group","Item Desc","Unit","Inactive","Tax Rate","Lead Period","Status",
"","0005","","","",false,0.0,0.0,"Draft",
"Material","0004","Admin Items","Frieght","Lumpsum",false,18.0,0.0,"Approved",
"Material","AG0011","Aggregate","Black Soil","Brass",false,0.0,3.0,"Approved",
"Material","AG0008","Aggregate","Dust Powder","Ton",false,5.0,3.0,"Approved",
"Material","AG0006","Aggregate","GSB","Ton",false,5.0,3.0,"Approved",
"Material","AG0002","Aggregate","Yellow Soil","Brass",false,12.0,3.0,"Approved",
"Material","AG0009","Aggregate","Basalt/Black Trap","Ton",false,0.0,3.0,"Approved",
"Material","AG0015","Aggregate","SAND - 1 TRACTOR","TRIP",false,0.0,3.0,"Approved",
"Material","AG0010","Aggregate","Hardcore Metal","Ton",false,5.0,3.0,"Approved",
"Material","AG0013","Aggregate","Gravel","BRASS",false,18.0,10.0,"Approved",
"Material","AG0003","Aggregate","Gardan Soil","Brass",false,0.0,3.0,"Approved",
"Material","AG0016","Aggregate","KAPACHI - 1 TRACTOR","TRIP",false,0.0,3.0,"Approved",
"Material","AG0004","Aggregate","Black Sand","Brass",false,0.0,3.0,"Approved",
"Material","AG0017","Aggregate","GRAVEL /GRAVEL","Ton",false,5.0,3.0,"Approved",
"Material","AG0012","Aggregate","SLAG 4"" TO 5""","Ton",false,5.0,3.0,"Approved",
"Material","AG0001","Aggregate","Aggregate","Ton",false,5.0,3.0,"Approved",
"Material","AG0005","Aggregate","Rubble","Ton",false,5.0,3.0,"Approved",
"Material","AG0007","Aggregate","Grit","Ton",false,5.0,3.0,"Approved",
"Material","AG0014","Aggregate","GRIT - 1 TRACTOR","TRIP",false,0.0,3.0,"Approved",
"Service","AIW0011","Amenities & other Interior Work","Open To Sky Seating Work","Sq.Ft.",false,0.0,0.0,"Approved",
"Service","AIW0003","Amenities & other Interior Work","Indoor Games work","Sq.Ft.",false,0.0,0.0,"Approved",
"Service","AIW0010","Amenities & other Interior Work","Yoga and Meditaion work","Lumpsum",false,0.0,0.0,"Approved",
"Service","AIW0006","Amenities & other Interior Work","Banquet Hall work","Sq.Ft.",false,0.0,0.0,"Approved",
"Service","AIW0014","Amenities & other Interior Work","Wooden Deck Work","Sq.Ft.",false,0.0,0.0,"Approved",
"Service","AIW0007","Amenities & other Interior Work","Foyer Area work","Sq.Ft.",false,0.0,0.0,"Approved",
"Service","AIW0013","Amenities & other Interior Work","Temple Work","Sq.Ft.",false,0.0,0.0,"Approved",
"Service","AIW0004","Amenities & other Interior Work","Toddler Play work","Sq.Ft.",false,0.0,0.0,"Approved",
"Service","AIW0005","Amenities & other Interior Work","Social Club work","Sq.Ft.",false,0.0,0.0,"Approved",
"Service","AIW0002","Amenities & other Interior Work","Security Cabin work","Sq.Ft.",false,0.0,0.0,"Approved",
"Service","AIW0001","Amenities & other Interior Work","Gym work","Sq.Ft.",false,0.0,0.0,"Approved",
"Service","AIW0008","Amenities & other Interior Work","Pickup stand work","Lumpsum",false,0.0,0.0,"Approved",
"Service","AIW0009","Amenities & other Interior Work","Change Room and Toilet (Male and Female) work","Lumpsum",false,0.0,3.0,"Approved",
"Service","AIW0012","Amenities & other Interior Work","Cafe Work","Sq.Ft.",false,0.0,0.0,"Approved",
"Service","AIW0016","Amenities & other Interior Work","Test_cement","BAG",false,0.0,4.0,"Approved",
"Service","AIW0015","Amenities & other Interior Work","Running Track Work","Sq.Ft.",false,0.0,0.0,"Approved",
"Service","AIW0017","Amenities & other Interior Work","Drip Irrigation work","Lumpsum",false,18.0,0.0,"Approved",
"Material","CSM0045","CP & Sanitary Material","Putty Pudding","Kg",false,18.0,4.0,"Approved",
"Material","CSM0065","CP & Sanitary Material","Concealed 40 MM Single Lever Diverter","NOS",false,0.0,27.0,"Draft",
"Material","CSM0064","CP & Sanitary Material","Waste Coupling 6""","NOS",false,18.0,4.0,"Approved",
"Material","CSM0063","CP & Sanitary Material","HEALTH FAUCET WITH PIPE & HOOK","NOS",false,18.0,4.0,"Approved",
"Material","CSM0062","CP & Sanitary Material","Shower Arm","Nos",false,18.0,27.0,"Approved",
"Material","CSM0095","CP & Sanitary Material","CORNER WASH BASIN","NOS",false,18.0,27.0,"Approved",
"Material","CSM0054","CP & Sanitary Material","HEALTH FAUCET WITH WALL MOUNT MIXER","NOS",false,18.0,27.0,"Approved",
"Material","CSM0061","CP & Sanitary Material","Undercounter Basin","Nos",false,18.0,27.0,"Approved",
"Material","CSM0013","CP & Sanitary Material","Waste Coupling 5""","NOS",false,18.0,4.0,"Approved",
"Material","CSM0017","CP & Sanitary Material","Angel Cock","NOS",false,18.0,27.0,"Approved",
"Material","CSM0016","CP & Sanitary Material","Bib Cock","NOS",false,18.0,27.0,"Approved",
"Material","CSM0027","CP & Sanitary Material","Bath Spout","NOS",false,18.0,27.0,"Approved",
"Material","CSM0024","CP & Sanitary Material","Divertor ( Upper Part )","NOS",false,18.0,27.0,"Approved",
"Material","CSM0047","CP & Sanitary Material","Bottle Trap Pipe 9""","Nos",false,18.0,4.0,"Approved",
"Material","CSM0046","CP & Sanitary Material","Bottle Trap Pipe 8""","Nos",false,0.0,4.0,"Approved",
"Material","CSM0044","CP & Sanitary Material","4"" X 4"" SS JALI","NOS",false,18.0,7.0,"Approved",
"Material","CSM0042","CP & Sanitary Material","Basin Mixer","Nos",false,18.0,27.0,"Approved",
"Material","CSM0076","CP & Sanitary Material","35MM DIVERTOR CONCEALED BODY","NOS",false,18.0,27.0,"Approved",
"Material","CSM0059","CP & Sanitary Material","Bath Tub Spout","Nos",false,18.0,27.0,"Approved",
"Material","CSM0058","CP & Sanitary Material","BATH SPOUT WITHOUT DIVERTOR","NOS",false,18.0,27.0,"Approved",
"Material","CSM0052","CP & Sanitary Material","Table Top Basin","Nos",false,18.0,27.0,"Approved",
"Material","CSM0092","CP & Sanitary Material","HIGH FLOW DIVERTOR UPPER PART","NOS",false,18.0,14.0,"Approved",
"Material","CSM0034","CP & Sanitary Material","WC Rack Bolt SS Body Brass Cap","Nos",false,0.0,27.0,"Approved",
"Material","CSM0036","CP & Sanitary Material","Metropole Flange","Nos",false,0.0,27.0,"Approved",
"Material","CSM0077","CP & Sanitary Material","SHORT BODY BIB COCK","NOS",false,0.0,27.0,"Approved",
"Material","CSM0031","CP & Sanitary Material","Sink Cock","NOS",false,18.0,27.0,"Approved",
"Material","CSM0051","CP & Sanitary Material","Piller Cock","Nos",false,18.0,27.0,"Approved",
"Material","CSM0033","CP & Sanitary Material","Self Closing Urinal flush valve","Nos",false,0.0,27.0,"Approved",
"Material","CSM0090","CP & Sanitary Material","TOILET BOX 3.25'*3.25'*7.5'","NOS",false,0.0,15.0,"Approved",
"Material","CSM0009","CP & Sanitary Material","Urinal","NOS",false,18.0,27.0,"Approved",
"Material","CSM0080","CP & Sanitary Material","SOAP DISPENSER","NOS",false,0.0,27.0,"Approved",
"Material","CSM0029","CP & Sanitary Material","Singles Lever BIB Faucet","NOS",false,0.0,27.0,"Approved",
"Material","CSM0078","CP & Sanitary Material","High Flow Divertor Cartridge","NOS",false,0.0,27.0,"Approved",
"Material","CSM0003","CP & Sanitary Material","Brown Paper","BDL",false,0.0,4.0,"Approved",
"Material","CSM0026","CP & Sanitary Material","Health FCT With extention pipe","NOS",false,0.0,4.0,"Approved",
"Material","CSM0093","CP & Sanitary Material","CARAT WALL HUNG EWC SNOW WHITE ( WITH SEAT COVER )","NOS",false,18.0,27.0,"Approved",
"Material","CSM0038","CP & Sanitary Material","32mm Divertor (Concealed Body)","NOS",false,18.0,27.0,"Approved",
"Material","CSM0039","CP & Sanitary Material","Shower With Arm","Nos",false,18.0,27.0,"Approved",
"Material","CSM0066","CP & Sanitary Material","CONCEALED SINGLE LEVER DIVERTOR (HIGH FLOW)","NOS",false,0.0,27.0,"Draft",
"Material","CSM0004","CP & Sanitary Material","Seat Cover","NOS",false,18.0,27.0,"Approved",
"Material","CSM0032","CP & Sanitary Material","Over Shower ABS+SS Arm","NOS",false,18.0,27.0,"Approved",
"Material","CSM0053","CP & Sanitary Material","DIVERTOR WITH PLATE","NOS",false,18.0,27.0,"Approved",
"Material","CSM0040","CP & Sanitary Material","Concealed Flush Tank","Nos",false,18.0,27.0,"Approved",
"Material","CSM0030","CP & Sanitary Material","Double Lever BIB Faucet","NOS",false,0.0,27.0,"Approved",
"Material","CSM0057","CP & Sanitary Material","FACE PLATE","NOS",false,18.0,27.0,"Approved",
"Material","CSM0010","CP & Sanitary Material","Cp Flench","NOS",false,18.0,27.0,"Approved",
"Material","CSM0072","CP & Sanitary Material","CONCEALED PART OF FLUSH COCK","NOS",false,18.0,27.0,"Approved",
"Material","CSM0069","CP & Sanitary Material","EXPOSED PARTS OF DIVERTER","NOS",false,0.0,27.0,"Approved",
"Material","CSM0011","CP & Sanitary Material","Bottle Trap Heavy 12""","NOS",false,18.0,4.0,"Approved",
"Material","CSM0001","CP & Sanitary Material","Bottle Trap 300x190","NOS",false,18.0,27.0,"Approved",
"Material","CSM0070","CP & Sanitary Material","CONCEALED BODY FOR THE SINGLE LEVER DIVERTER","NOS",false,0.0,27.0,"Draft",
"Material","CSM0067","CP & Sanitary Material","Glass Rinser","NOS",false,0.0,27.0,"Approved",
"Material","CSM0028","CP & Sanitary Material","Div Upper Trim","NOS",false,0.0,27.0,"Approved",
"Material","CSM0015","CP & Sanitary Material","Swing Spout","NOS",false,0.0,27.0,"Approved",
"Material","CSM0049","CP & Sanitary Material","DUAL TOILET FLUSH","NOS",false,0.0,27.0,"Approved",
"Material","CSM0075","CP & Sanitary Material","ORISSA PAN","NOS",false,18.0,27.0,"Approved",
"Material","CSM0055","CP & Sanitary Material","BOTTLE TRAP","NOS",false,18.0,27.0,"Approved",
"Material","CSM0060","CP & Sanitary Material","BLACK PIPE + BUSH","NOS",false,18.0,4.0,"Approved",
"Material","CSM0037","CP & Sanitary Material","32mm Metropole Flush Valve","NOS",false,18.0,27.0,"Approved",
"Material","CSM0019","CP & Sanitary Material","Health Fucet","NOS",false,18.0,4.0,"Approved",
"Material","CSM0073","CP & Sanitary Material","EXPOSED PART OF FLUSH COCK","NOS",false,18.0,27.0,"Approved",
"Material","CSM0041","CP & Sanitary Material","Flush Plate","Nos",false,18.0,27.0,"Approved",
"Material","CSM0020","CP & Sanitary Material","Spout Oprated","NOS",false,0.0,27.0,"Approved",
"Material","CSM0018","CP & Sanitary Material","Swing  Sink Cock","NOS",false,0.0,27.0,"Approved",
"Material","CSM0035","CP & Sanitary Material","Connection Pipe 24""","Nos",false,0.0,4.0,"Approved",
"Material","CSM0007","CP & Sanitary Material","Wall hung Wash Basin","NOS",false,0.0,27.0,"Approved",
"Material","CSM0068","CP & Sanitary Material","METROPOLE 40 MM","NOS",false,0.0,27.0,"Approved",
"Material","CSM0071","CP & Sanitary Material","BASIN RACK BOLT SS","NOS",false,0.0,4.0,"Approved",
"Material","CSM0005","CP & Sanitary Material","Wall Hung WC","NOS",false,18.0,27.0,"Approved",
"Material","CSM0043","CP & Sanitary Material","Angle cock","Nos",false,18.0,27.0,"Approved",
"Material","CSM0096","CP & Sanitary Material","CLORA WALL HUNG WASH BASIN","NOS",false,18.0,27.0,"Approved",
"Material","CSM0088","CP & Sanitary Material","FLUSH VALVE SLEEVE","NOS",false,0.0,27.0,"Approved",
"Material","CSM0091","CP & Sanitary Material","PU FOAM","NOS",false,18.0,5.0,"Approved",
"Material","CSM0014","CP & Sanitary Material","Toilet paper Roll Holder","NOS",false,0.0,27.0,"Approved",
"Material","CSM0056","CP & Sanitary Material","FLUSH TANK","NOS",false,18.0,27.0,"Approved",
"Material","CSM0050","CP & Sanitary Material","Overhead Shower","Nos",false,18.0,27.0,"Approved",
"Material","CSM0048","CP & Sanitary Material","Health Faucet","Nos",false,0.0,4.0,"Approved",
"Material","CSM0079","CP & Sanitary Material","ROBE HOOK","NOS",false,0.0,27.0,"Approved",
"Material","CSM0006","CP & Sanitary Material","Table Top Wash Basin W/b White","NOS",false,18.0,27.0,"Approved",
"Material","CSM0025","CP & Sanitary Material","Kitchen Sink","NOS",false,0.0,27.0,"Approved",
"Material","CSM0023","CP & Sanitary Material","Dual Flush Valve","NOS",false,0.0,27.0,"Approved",
"Material","CSM0012","CP & Sanitary Material","Bottle Trap Heavy With 12"" Pipe Special BT08","NOS",false,0.0,45.0,"Approved",
"Material","CSM0008","CP & Sanitary Material","Seat Cover Combo","NOS",false,0.0,27.0,"Approved",
"Material","CSM0074","CP & Sanitary Material","P TRAP","NOS",false,18.0,27.0,"Approved",
"Material","CSM0002","CP & Sanitary Material","Bottle Trape Pipe 12''","NOS",false,18.0,4.0,"Approved",
"Material","CSM0022","CP & Sanitary Material","Towel Ring","NOS",false,0.0,27.0,"Approved",
"Material","CSM0094","CP & Sanitary Material","CIESTA TABLE TOP BASIN","NOS",false,18.0,27.0,"Approved",
"Material","CSM0021","CP & Sanitary Material","Piller Cock with 200mm Extension Body","NOS",false,0.0,27.0,"Approved",
"Material","CSM0082","CP & Sanitary Material","HAND SHOWER MIXER","NOS",false,0.0,27.0,"Approved",
"Material","CSM0081","CP & Sanitary Material","COUNTER TOP BASIN","NOS",false,0.0,27.0,"Approved",
"Material","CSM0085","CP & Sanitary Material","CARTRIDGE NUT COVER","NOS",false,0.0,27.0,"Approved",
"Material","CSM0083","CP & Sanitary Material","CARTRIDGE CHUCK NUT","NOS",false,0.0,27.0,"Approved",
"Material","CSM0084","CP & Sanitary Material","CARTRIDGE SLEEVE","NOS",false,0.0,4.0,"Approved",
"Material","CSM0089","CP & Sanitary Material","CARTRIDGE  FLAT TYPE","NOS",false,0.0,4.0,"Approved",
"Material","CSM0087","CP & Sanitary Material","BL KNOB F.V","NOS",false,0.0,27.0,"Approved",
"Material","CSM0086","CP & Sanitary Material","TIPTON SLEEVE","NOS",false,0.0,27.0,"Approved",
"Material","0002","Ce","OPC 43 Grade 50kg Cement Bag","Bags",true,0.0,8.0,"Approved",
"Material","0001","Cemen","White Cement","KGS",true,0.0,8.0,"Approved",
"Material","CE0001","Cement  Group","PPC Cement","Bags",false,0.0,5.0,"Approved",
"Material","CE0002","Cement  Group","OPC 53 Grade 50kg Cement Bag","Bags",false,18.0,5.0,"Approved",
"Service","CF0022","Civil & Finishing Work","PARDI PLASTER WORK","Lumpsum",false,18.0,0.0,"Approved",
"Service","CF0026","Civil & Finishing Work","Rendering Work","Sq.Ft.",false,0.0,0.0,"Approved",
"Service","CF0019","Civil & Finishing Work","PT cable With Accessories","Lumpsum",false,18.0,0.0,"Approved",
"Service","CF0025","Civil & Finishing Work","PARGOLA WORK","Sq.Ft.",false,0.0,0.0,"Approved",
"Service","CF0020","Civil & Finishing Work","PT Anchor Assembly","Lumpsum",false,18.0,0.0,"Approved",
"Service","CF0021","Civil & Finishing Work","SWIMMING POOL RCC PARDI WORK","Lumpsum",false,18.0,0.0,"Approved",
"Service","CF0028","Civil & Finishing Work","30 MM LAMINATED DOOR WITH HARDWARE AND INSTALLATION","NOS",false,18.0,14.0,"Approved",
"Service","CF0023","Civil & Finishing Work","35 MM LAMINATED DOOR WITH HARDWARE AND INSTALLATION","NOS",false,18.0,0.0,"Approved",
"Service","CF0024","Civil & Finishing Work","40 MM LAMINATED DOOR WITH HARDWARE AND INSTALLATION","NOS",false,18.0,0.0,"Approved",
"Service","CF0010","Civil & Finishing Work","Post Tensioned Work","Lumpsum",false,0.0,0.0,"Approved",
"Service","CF0001","Civil & Finishing Work","Planters & Sitting Pods (Civil Work)","Lumpsum",false,0.0,0.0,"Approved",
"Service","CF0027","Civil & Finishing Work","ROAD CONSTRUCTION WORK","Lumpsum",false,0.0,0.0,"Approved",
"Service","CF0003","Civil & Finishing Work","Main Entrance Gate (Civil + Finishing Work)","Lumpsum",false,0.0,0.0,"Approved",
"Service","CF0018","Civil & Finishing Work","Civil Work","Lumpsum",false,0.0,0.0,"Approved",
"Service","CF0009","Civil & Finishing Work","D - Wall Work","Lumpsum",false,0.0,0.0,"Approved",
"Service","CF0008","Civil & Finishing Work","Civil work (Labour with Material)","Sq.Ft.",false,18.0,0.0,"Approved",
"Service","CF0012","Civil & Finishing Work","Plaster Work","Sq.Ft.",false,18.0,0.0,"Approved",
"Service","CF0014","Civil & Finishing Work","500mm Dia Hydraulic Rig Method Piling Work","Rmt",false,18.0,0.0,"Approved",
"Service","CF0002","Civil & Finishing Work","Compound Wall (Civil + Finishing Work)","Rn.ft",false,0.0,0.0,"Approved",
"Service","CF0005","Civil & Finishing Work","Guniting work","Lumpsum",false,18.0,0.0,"Approved",
"Service","CF0007","Civil & Finishing Work","Swimming Pool Civil Work","Sq.Ft.",false,0.0,0.0,"Approved",
"Service","CF0015","Civil & Finishing Work","Rubble Soiling Work","Sq.Ft.",false,0.0,0.0,"Approved",
"Service","CF0004","Civil & Finishing Work","Excavation/Backfilling work","Lumpsum",false,0.0,0.0,"Approved",
"Service","CF0013","Civil & Finishing Work","450mm Dia Truck method Piling Work","Rmt",false,18.0,0.0,"Approved",
"Service","CF0017","Civil & Finishing Work","Scaffolding Work (Single Palak)","Sq.Ft.",false,0.0,0.0,"Approved",
"Service","CF0006","Civil & Finishing Work","Piling Work","Lumpsum",false,0.0,0.0,"Approved",
"Service","CF0011","Civil & Finishing Work","Yellow Soiling backfilling work","TRIP",false,5.0,0.0,"Approved",
"Service","CF0016","Civil & Finishing Work","Scaffolding Work (Double  Palak)","Sq.Ft.",false,0.0,0.0,"Approved",
"Material","CM0060","Colour Material","Waterproof Exterior Primer (20L)","Bucket",false,0.0,4.0,"Approved",
"Material","CM0084","Colour Material","Epoxy Primer","Ltr",false,18.0,4.0,"Draft",
"Material","CM0005","Colour Material","Cotton West","NOS",false,0.0,4.0,"Approved",
"Material","CM0092","Colour Material","Gypsum Plaster (10 KG )","BAG",false,18.0,4.0,"Approved",
"Material","CM0011","Colour Material","Satin 3 Ltr","BKT",false,0.0,4.0,"Approved",
"Material","CM0052","Colour Material","SAND PAPER (150 NO)","NOS",false,0.0,4.0,"Approved",
"Material","CM0055","Colour Material","Patra Lapi 3x3","NOS",false,0.0,4.0,"Approved",
"Material","CM0080","Colour Material","WD 40","NOS",false,0.0,4.0,"Approved",
"Material","CM0081","Colour Material","SYNTHETIC ENAMEL 1 LTR","NOS",false,0.0,4.0,"Approved",
"Material","CM0041","Colour Material","Synthetic Enamel 20 Ltr","BKT",false,0.0,12.0,"Approved",
"Material","CM0035","Colour Material","Internal Paint","Lit",false,18.0,12.0,"Approved",
"Material","CM0094","Colour Material","BIRLA OPUS DAMP-PROOF B70 (20L)","BKT",false,18.0,7.0,"Approved",
"Material","CM0037","Colour Material","External Colour (20 Lit)","Bucket",false,18.0,12.0,"Approved",
"Material","CM0089","Colour Material","SAND PAPER (180 NO)","PCS",false,18.0,4.0,"Approved",
"Material","CM0013","Colour Material","White Satin 4 Ltr","BKT",false,0.0,4.0,"Approved",
"Material","CM0090","Colour Material","SAND PAPER (200 NO)","PCS",false,18.0,4.0,"Approved",
"Material","CM0076","Colour Material","rusty removing Paper","Nos",false,18.0,4.0,"Approved",
"Material","CM0098","Colour Material","BIRLA OPUS PAINT E70 (20L) - SHADE CODE : AP K123 (GREY)","BKT",false,18.0,7.0,"Approved",
"Material","CM0079","Colour Material","WHITE PAPER (220 NO)","NOS",false,18.0,4.0,"Approved",
"Material","CM0025","Colour Material","TAP ROLL","NOS",false,0.0,4.0,"Approved",
"Material","CM0102","Colour Material","BIRLA OPUS PAINT PB99 (20LTR) - BLACK (SHADE NO - 9551)","BKT",false,18.0,7.0,"Approved",
"Material","CM0097","Colour Material","BIRLA OPUS PAINT E70 (20L) - SHADE CODE : 0169 50% LIGHT (WHITE)","BKT",false,18.0,7.0,"Approved",
"Material","CM0101","Colour Material","PUTTY 40KG","BAG",false,18.0,7.0,"Approved",
"Material","CM0061","Colour Material","POP (5 Kg )","Bags",false,5.0,4.0,"Approved",
"Material","CM0033","Colour Material","External Primer","Lit",false,0.0,4.0,"Approved",
"Material","CM0099","Colour Material","BIRLA OPUS PAINT E70 (20L) - SHADE CODE : NN9252","BKT",false,18.0,10.0,"Approved",
"Material","CM0001","Colour Material","Internal Primer 20 Ltr","BKT",false,18.0,4.0,"Approved",
"Material","CM0032","Colour Material","Clear Tenex & Pigment Colour","BKT",false,18.0,12.0,"Approved",
"Material","CM0010","Colour Material","Brush 3''","NOS",false,18.0,4.0,"Approved",
"Material","CM0056","Colour Material","Brush 100 MM Wooden Handle","NOS",false,18.0,4.0,"Approved",
"Material","CM0007","Colour Material","Enemal Thinner 10 Ltr","BKT",false,0.0,4.0,"Approved",
"Material","CM0083","Colour Material","ROADMARKING COLOUR (YELLOW) - 20 LTR","BKT",false,18.0,12.0,"Approved",
"Material","CM0053","Colour Material","TERPENTINE 5 LTR","BKT",false,18.0,4.0,"Approved",
"Material","CM0096","Colour Material","BLACK COLOUR","NOS",false,0.0,4.0,"Approved",
"Material","CM0066","Colour Material","80 NUMBER BROWN PAPER","BDL",false,18.0,4.0,"Approved",
"Material","CM0004","Colour Material","Colour Mix Solvent","BKT",false,18.0,12.0,"Approved",
"Material","CM0008","Colour Material","Sanding Sealer 1 Ltr Ur Roll","BKT",false,0.0,4.0,"Approved",
"Material","CM0088","Colour Material","HERAMBA TEMPER EC","NOS",false,0.0,4.0,"Approved",
"Material","CM0085","Colour Material","GYPSUM PLASTER (5 KG)","BAG",false,5.0,4.0,"Approved",
"Material","CM0054","Colour Material","Patra Lapi 6x4","NOS",false,0.0,4.0,"Approved",
"Material","CM0100","Colour Material","BIRLA OPUS TEXTURE T15 (30KG)","BAG",false,18.0,7.0,"Approved",
"Material","CM0047","Colour Material","Wetrodry Paper","PCS",false,0.0,4.0,"Approved",
"Material","CM0093","Colour Material","Gypsum Plaster ( 20 KG )","BAG",false,0.0,7.0,"Draft",
"Material","CM0009","Colour Material","Brush 5'","BKT",false,0.0,4.0,"Approved",
"Material","CM0103","Colour Material","GREY COLOUR","Ltr",false,18.0,7.0,"Approved",
"Material","CM0019","Colour Material","Black Colour (Water Based)","NOS",false,18.0,12.0,"Approved",
"Material","CM0046","Colour Material","Stainer 200 ML","BKT",false,0.0,4.0,"Approved",
"Material","CM0024","Colour Material","Taplone Tap Gold 12mtr","NOS",false,18.0,4.0,"Approval",
"Material","CM0021","Colour Material","Brush 1''","NOS",false,28.0,4.0,"Approved",
"Material","CM0058","Colour Material","Roller 6x1 White","NOS",false,0.0,4.0,"Approved",
"Material","CM0034","Colour Material","External Paint","Bucket",false,18.0,12.0,"Approved",
"Material","CM0023","Colour Material","Synthetic Enamel 500ml","BKT",false,0.0,4.0,"Approved",
"Material","CM0048","Colour Material","Multi Clean 1 Ltr","PCS",false,0.0,4.0,"Approved",
"Material","CM0059","Colour Material","Brown Paper Roll","MTR",false,0.0,4.0,"Approved",
"Material","CM0082","Colour Material","PAINT REMOVER","KGS",false,18.0,4.0,"Approved",
"Material","CM0020","Colour Material","Sukha Paper","NOS",false,0.0,4.0,"Approved",
"Material","CM0049","Colour Material","Synthetic Enamel 4 Ltr","BKT",false,0.0,4.0,"Approved",
"Material","CM0063","Colour Material","Putty 30 kg","bags",false,0.0,4.0,"Approved",
"Material","CM0018","Colour Material","Sadi","NOS",false,5.0,4.0,"Approved",
"Material","CM0051","Colour Material","SAND PAPER (120 NO)","NOS",false,18.0,4.0,"Approved",
"Material","CM0067","Colour Material","SAND PAPER (100 NUMBER)","NOS",false,18.0,4.0,"Approved",
"Material","CM0029","Colour Material","Zink  Primer","BKT",false,0.0,4.0,"Approved",
"Material","CM0036","Colour Material","Putty","Kg",false,18.0,4.0,"Approved",
"Material","CM0057","Colour Material","Brush 50 MM Wooden Handle","NOS",false,0.0,4.0,"Approved",
"Material","CM0014","Colour Material","Waterextreme Basecoat","BKT",false,0.0,12.0,"Approved",
"Material","CM0069","Colour Material","ACTION - 100","NOS",false,0.0,4.0,"Approved",
"Material","CM0028","Colour Material","Yellow Primer 20 Ltr","BKT",false,0.0,4.0,"Approved",
"Material","CM0006","Colour Material","Enamel Thinner 20 Ltr","BKT",false,0.0,4.0,"Approved",
"Material","CM0015","Colour Material","Acrylic Primer 20 Ltr","BKT",false,0.0,4.0,"Approved",
"Material","CM0044","Colour Material","Putty Fine 20 KG","PCS",false,18.0,4.0,"Approved",
"Material","CM0068","Colour Material","SAREE","NOS",false,18.0,4.0,"Approved",
"Material","CM0038","Colour Material","Weathershield Accent Base 900 ML","PCS",false,0.0,12.0,"Approved",
"Material","CM0031","Colour Material","Thinner","Ltr",false,0.0,4.0,"Approved",
"Material","CM0022","Colour Material","Brush 2''","NOS",false,0.0,4.0,"Approved",
"Material","CM0027","Colour Material","Teflone Tap","NOS",false,18.0,4.0,"Approved",
"Material","CM0050","Colour Material","SAND PAPER (80 NO)","NOS",false,0.0,4.0,"Approved",
"Material","CM0043","Colour Material","Cement White Primer 20 Ltr","BKT",false,0.0,4.0,"Approved",
"Material","CM0030","Colour Material","Redoxide","BKT",false,0.0,4.0,"Approved",
"Material","CM0016","Colour Material","Oil Paint","Ltr",false,0.0,12.0,"Approved",
"Material","CM0039","Colour Material","White Satin 20 Ltr","BKT",false,0.0,4.0,"Approved",
"Material","CM0070","Colour Material","Masking Tapes","NOS",false,18.0,4.0,"Approved",
"Material","FM0073","Colour Material","Damp Proof Coat (20L)","Bucket",false,0.0,12.0,"Approved",
"Material","CM0078","Colour Material","WHITE PAPER (100 NO)","NOS",false,18.0,4.0,"Approved",
"Material","CM0045","Colour Material","Garlas","Ltr",false,0.0,4.0,"Approved",
"Material","CM0075","Colour Material","Rusty removing spray","Nos",false,18.0,4.0,"Approved",
"Material","CM0003","Colour Material","Brown Paper 80 Nub","PCS",false,0.0,4.0,"Approved",
"Material","CM0077","Colour Material","WHITE PAPER (150 NO)","NOS",false,18.0,4.0,"Approved",
"Material","CE0003","Colour Material","White cement","KGS",false,18.0,4.0,"Approved",
"Material","CM0064","Colour Material","Golden Brown Colour (Oil Paint)","Ltr",false,18.0,4.0,"Approved",
"Material","CM0002","Colour Material","Ultima White 1 Ltr","BKT",false,12.0,12.0,"Approved",
"Material","CM0040","Colour Material","Super Cover BR.White 10 Ltr","PCS",false,0.0,4.0,"Approved",
"Material","CM0072","Colour Material","Thinner 301","Ltr",false,18.0,4.0,"Approved",
"Material","CM0017","Colour Material","Paint Roller","NOS",false,0.0,4.0,"Approved",
"Material","CM0073","Colour Material","Smoke Grey Colors Spray Bottol","Nos",false,18.0,4.0,"Approved",
"Material","CM0095","Colour Material","BIRLA OPUS PRIMER  E10 (20L)","BKT",false,18.0,10.0,"Approved",
"Material","CM0091","Colour Material","ROAD MARKING COLOUR (YELLOW)","Ltr",false,0.0,12.0,"Approved",
"Material","CM0062","Colour Material","OIL PAINT (5LTR)","Ltr",false,0.0,12.0,"Approved",
"Material","CM0074","Colour Material","Black colour spray bottol","Nos",false,18.0,4.0,"Approved",
"Material","CM0065","Colour Material","POP (20 kg)","BAG",false,5.0,4.0,"Approved",
"Material","CM0086","Colour Material","WHITE PAPER (120 NO)","NOS",false,18.0,4.0,"Draft",
"Material","CM0026","Colour Material","Taralac Road Marking Colour White 4ltr","BKT",false,28.0,12.0,"Approved",
"Material","CM0012","Colour Material","Exterior Primer 20 Ltr","BKT",false,0.0,4.0,"Approved",
"Material","CM0042","Colour Material","Synthetic Enamel 10 Ltr","BKT",false,0.0,4.0,"Approved",
"Material","CM0071","Colour Material","MRF Vapocure paint","Ltr",false,18.0,4.0,"Approved",
"Material","CM0087","Colour Material","HATIX PAIT REMOVER 1 LTR-","NOS",false,0.0,4.0,"Approved",
"Service","DAD0001","Dado Work","1st Floor Dado Work","Sq.Ft.",false,18.0,0.0,"Approved",
"Service","DAD0003","Dado Work","3rd Floor Dado Work","Sq.Ft.",false,18.0,0.0,"Approved",
"Service","DAD0002","Dado Work","2nd Floor Dado Work","Sq.Ft.",false,18.0,0.0,"Approved",
"Service","EBL0001","ESTIMATED BUDGET LABOUR","Stone Frame work Labour","Rn.ft",false,0.0,0.0,"Approved",
"Service","EBL0026","ESTIMATED BUDGET LABOUR","Elevators Work Labour with Material","NOS",true,0.0,0.0,"Delete",
"Service","EBL0018","ESTIMATED BUDGET LABOUR","Staircase railing work labour with material","Lumpsum",false,0.0,0.0,"Approved",
"Service","EBL0011","ESTIMATED BUDGET LABOUR","Cvil work Labour with Material","Sq.Ft.",false,18.0,0.0,"Approved",
"Service","EBL0017","ESTIMATED BUDGET LABOUR","False Ceiling work","Sq.Ft.",false,0.0,0.0,"Approved",
"Service","EBL0013","ESTIMATED BUDGET LABOUR","Gypsum work Labour with Material","Sq.Ft.",false,0.0,0.0,"Approved",
"Service","EBL0004","ESTIMATED BUDGET LABOUR","Flooring work Labour","Sq.Ft.",false,0.0,0.0,"Approved",
"Service","EBL0028","ESTIMATED BUDGET LABOUR","Camera & DVR work","Lumpsum",true,0.0,0.0,"Delete",
"Service","EBL0019","ESTIMATED BUDGET LABOUR","Fabrication work","Lumpsum",false,0.0,0.0,"Approved",
"Service","EBL0008","ESTIMATED BUDGET LABOUR","Plumbing Work Labour","FLAT",false,0.0,0.0,"Approved",
"Service","EBL0010","ESTIMATED BUDGET LABOUR","Labour with Material  ( Lumpsum )","Lumpsum",false,0.0,0.0,"Approved",
"Service","EBL0014","ESTIMATED BUDGET LABOUR","Electrical work Labour with Material","NOS",false,0.0,0.0,"Approved",
"Service","EBL0002","ESTIMATED BUDGET LABOUR","Stone framework labour (sqft)","Sq.Ft.",false,0.0,0.0,"Approved",
"Service","EBL0009","ESTIMATED BUDGET LABOUR","Labour ( Lumpsum )","Lumpsum",false,0.0,0.0,"Approved",
"Service","EBL0025","ESTIMATED BUDGET LABOUR","Fire Fighting work Labour with Material","Lumpsum",true,0.0,0.0,"Delete",
"Service","EBL0015","ESTIMATED BUDGET LABOUR","Colour Work Labour with Material","Sq.Ft.",false,0.0,0.0,"Approved",
"Service","EBL0012","ESTIMATED BUDGET LABOUR","Texture work Labour with Material","Sq.Ft.",false,0.0,0.0,"Approved",
"Service","EBL0007","ESTIMATED BUDGET LABOUR","Door & Furniture Labour","Nos",false,0.0,0.0,"Approved",
"Service","EBL0020","ESTIMATED BUDGET LABOUR","Elevation Louvers work Labour and Material","Sq.Ft.",false,0.0,0.0,"Approved",
"Service","EBL0005","ESTIMATED BUDGET LABOUR","Dado work labour","Sq.Ft.",false,0.0,0.0,"Approved",
"Service","EBL0023","ESTIMATED BUDGET LABOUR","Cement Sheet Ceiling  work Labour and Material","Sq.Ft.",false,0.0,0.0,"Approved",
"Service","EBL0003","ESTIMATED BUDGET LABOUR","Kitchen Platform Work Labour","Rn.ft",false,0.0,0.0,"Approved",
"Service","EBL0024","ESTIMATED BUDGET LABOUR","Aluminum Section Work","Sq.Ft.",false,0.0,0.0,"Approved",
"Service","EBL0022","ESTIMATED BUDGET LABOUR","Railing work labour with material","Sq.Ft.",false,0.0,0.0,"Approved",
"Service","EBL0006","ESTIMATED BUDGET LABOUR","Colour, Texture & Primer Labour","Sq.Ft.",false,18.0,0.0,"Approved",
"Service","EBL0021","ESTIMATED BUDGET LABOUR","Glass railing work labour with material","Sq.Ft.",false,18.0,0.0,"Approved",
"Service","EBL0016","ESTIMATED BUDGET LABOUR","Putty work Labour with Material","Sq.Ft.",false,0.0,0.0,"Approved",
"Material","EBM0001","ESTIMATED BUDGET MATERIALS","Stone ( Door, Window Framing & shelve ) Material","Sq.Ft.",false,0.0,0.0,"Approved",
"Material","EBM0012","ESTIMATED BUDGET MATERIALS","Item Variation material ( Lumpsum )","Lumpsum",false,0.0,0.0,"Approved",
"Material","EBM0006","ESTIMATED BUDGET MATERIALS","Colour, Texture & Primer Material (Sq.ft )","Sq.Ft.",false,0.0,0.0,"Approved",
"Material","EBM0007","ESTIMATED BUDGET MATERIALS","Door & Hardware Material","Nos",false,0.0,0.0,"Approved",
"Material","EBM0010","ESTIMATED BUDGET MATERIALS","Material ( Lumpsum )","Lumpsum",false,0.0,0.0,"Approved",
"Material","EBM0004","ESTIMATED BUDGET MATERIALS","Flooring Material","Sq.Ft.",false,0.0,0.0,"Approved",
"Material","EBM0016","ESTIMATED BUDGET MATERIALS","Podium-Basement Storm Water Line Material","Lumpsum",false,0.0,0.0,"Approved",
"Material","EBM0017","ESTIMATED BUDGET MATERIALS","Basement Storm WaterLine Material","Lumpsum",false,0.0,0.0,"Approved",
"Material","EBM0011","ESTIMATED BUDGET MATERIALS","CP & Sanitary Material","Lumpsum",false,0.0,0.0,"Approved",
"Material","EBM0015","ESTIMATED BUDGET MATERIALS","Water Supply Looping Line Work Material","Lumpsum",false,0.0,0.0,"Approved",
"Material","EBM0018","ESTIMATED BUDGET MATERIALS","Electric Light","NOS",false,0.0,0.0,"Approved",
"Material","EBM0009","ESTIMATED BUDGET MATERIALS","Sand ( Tonne )","Ton",false,0.0,0.0,"Approved",
"Material","EBM0014","ESTIMATED BUDGET MATERIALS","Outer Drainage Line Work Material","Lumpsum",false,0.0,0.0,"Approved",
"Material","EBM0013","ESTIMATED BUDGET MATERIALS","Planter Drain and Water Supply Line Material","Lumpsum",false,0.0,0.0,"Approved",
"Material","EBM0003","ESTIMATED BUDGET MATERIALS","Dado Material","Sq.Ft.",false,0.0,0.0,"Approved",
"Material","EBM0019","ESTIMATED BUDGET MATERIALS","Door & Accessory Material","Nos",false,18.0,7.0,"Approved",
"Material","EBM0008","ESTIMATED BUDGET MATERIALS","Plumbing Material","Sq.Ft.",false,0.0,0.0,"Approved",
"Material","EBM0002","ESTIMATED BUDGET MATERIALS","Kitchen Platform Material","Sq.Ft.",false,0.0,0.0,"Approved",
"Material","EBM0005","ESTIMATED BUDGET MATERIALS","Colour, Texture & Primer Material","Ltr",false,0.0,0.0,"Approved",
"Material","EM0239","Electrical Material","4 SQMM 2 CORE COPPER CABLE","MTR",false,18.0,5.0,"Approved",
"Material","EM0309","Electrical Material","2.5 Sqmm 4 core flexible cable","MTR",false,18.0,4.0,"Approved",
"Material","EM0295","Electrical Material","3 mm X 25 mm GI Strip CLAMP","NOS",false,0.0,4.0,"Approved",
"Material","EM0155","Electrical Material","Single phase Auto LLC  V 4 Panael  borad","Nos",false,18.0,5.0,"Approved",
"Material","EM0136","Electrical Material","4 Plug  4 Switch","Nos",false,18.0,5.0,"Approved",
"Material","EM0292","Electrical Material","Copper Earthing Bar","NOS",false,0.0,10.0,"Approved",
"Material","EM0290","Electrical Material","1.5 sq mm X 3 core Copper Armoured Cable","MTR",false,0.0,10.0,"Approved",
"Material","EM0029","Electrical Material","10.5  Black Celling Diecast 50mm Light","NOS",false,0.0,5.0,"Approved",
"Material","EM0183","Electrical Material","CAT 6 DOOR CABLE","NOS",false,18.0,5.0,"Approved",
"Material","EM0312","Electrical Material","10 Sq.mm 4 core aluminium unarmoured cable","MTR",false,18.0,4.0,"Approved",
"Material","EM0293","Electrical Material","40 AMP FP ELCB","NOS",false,0.0,10.0,"Approved",
"Material","EM0033","Electrical Material","82.5 KVA Dg Set with Standard Panel","NOS",false,18.0,90.0,"Approved",
"Material","EM0294","Electrical Material","16 AMP DP MCB","NOS",false,0.0,10.0,"Approved",
"Material","EM0052","Electrical Material","2.5 Sqmm 3core Copper Flexible Wire","MTR",false,18.0,5.0,"Approved",
"Material","EM0297","Electrical Material","63 Amp 4 pole RCCB","NOS",false,0.0,4.0,"Approved",
"Material","EM0111","Electrical Material","3.5core X 185 sq.mm Alu Armoured Cable","MTR",false,18.0,5.0,"Approved",
"Material","EM0019","Electrical Material","95 Sq.mm x 3.5 Core Alu. Armoud Cable","MTR",false,18.0,5.0,"Approved",
"Material","EM0267","Electrical Material","PERFORATED CABLE TRAY","MTR",false,0.0,5.0,"Approved",
"Material","EM0266","Electrical Material","DECORATIVE LIGHT","NOS",false,18.0,30.0,"Approved",
"Material","EM0268","Electrical Material","HORIZONTAL BED","NOS",false,0.0,5.0,"Approved",
"Material","EM0273","Electrical Material","MCCB Box","NOS",false,18.0,5.0,"Approved",
"Material","EM0288","Electrical Material","35MM LACK Alluminium","NOS",false,0.0,4.0,"Approved",
"Material","EM0310","Electrical Material","6 SQMM COPPER LUG","NOS",false,18.0,5.0,"Approved",
"Material","EM0315","Electrical Material","Switch Board With Surface Box - 4 MODULE","NOS",false,18.0,0.0,"Approved",
"Material","EM0274","Electrical Material","ALUMINIUM PATTI - 10 FT. ROLL","NOS",false,0.0,5.0,"Approved",
"Material","EM0275","Electrical Material","35 x 3.50 sq mm Alluminium Cable","MTR",false,0.0,4.0,"Approved",
"Material","EM0318","Electrical Material","open conduct pipe 90 elbow","NOS",false,18.0,4.0,"Approved",
"Material","EM0299","Electrical Material","600 X 100 x 1.5 mm Ladder Type Cable Tray","MTR",false,18.0,7.0,"Approved",
"Material","EM0306","Electrical Material","Celling light","NOS",false,0.0,4.0,"Approved",
"Material","EM0229","Electrical Material","16SQMM LUGS","NOS",false,18.0,5.0,"Approved",
"Material","EM0265","Electrical Material","NEON FLEX LIGHT 30MM X 20MM","MTR",false,0.0,7.0,"Approved",
"Material","EM0264","Electrical Material","1/2"" FLEXIBLE CONDUITS PVC PIPE","MTR",false,18.0,5.0,"Approved",
"Material","EM0050","Electrical Material","35 Sqmm Copper Lugs","NOS",false,18.0,5.0,"Approved",
"Material","EM0005","Electrical Material","16 Amp Switch","NOS",false,18.0,5.0,"Approved",
"Material","EM0263","Electrical Material","PENDANT TYPE HANGING ROPE LIGHT","NOS",false,0.0,30.0,"Approved",
"Material","EM0287","Electrical Material","100 Amp Alluminium Busbar","NOS",false,0.0,4.0,"Approved",
"Material","EM0307","Electrical Material","2 HP MOTTOR","NOS",false,0.0,6.0,"Approved",
"Material","EM0284","Electrical Material","16 AMP SWITCH BOARD ( 7 SOCKET / 1 SWITCH )","NOS",false,18.0,7.0,"Approved",
"Material","EM0279","Electrical Material","TEFLON COATED 1.5 SQMM WIRE","MTR",false,0.0,4.0,"Approved",
"Material","EM0270","Electrical Material","FIRE RETARDENT PAINT","Kg",false,18.0,5.0,"Approved",
"Material","EM0082","Electrical Material","Tubelight (4 feet)","Nos",false,18.0,5.0,"Approved",
"Material","EM0282","Electrical Material","100 AMP MCCB BOX","NOS",false,0.0,4.0,"Approved",
"Material","EM0298","Electrical Material","300 X 100 x 1.5 mm Ladder Type Cable Tray","MTR",false,18.0,7.0,"Approved",
"Material","EM0259","Electrical Material","25 Amp 30 ma 2 Pole ELCB","NOS",false,0.0,5.0,"Approved",
"Material","EM0223","Electrical Material","LED MAGNETIC TRACK (25MM CONCIL 2MTR)","NOS",false,18.0,7.0,"Approved",
"Material","EM0257","Electrical Material","25 mm X 3 mm Copper Strip","FT",false,0.0,5.0,"Approved",
"Material","EM0258","Electrical Material","25 Amp 300 ma 4 Pole ELCB","NOS",false,0.0,5.0,"Approved",
"Material","EM0260","Electrical Material","25 Amp 4 Pole MCB","NOS",false,0.0,5.0,"Approved",
"Material","EM0261","Electrical Material","LED Bulkhead Light","NOS",false,0.0,5.0,"Approved",
"Material","EM0077","Electrical Material","40amp 300ml FP ELCB","Nos",false,18.0,5.0,"Approved",
"Material","EM0123","Electrical Material","CABLE GLAND PG 16","NOS",false,18.0,5.0,"Approved",
"Material","EM0262","Electrical Material","1.5 sqmm X 3 core Copper Flexible Cable","MTR",false,0.0,5.0,"Approved",
"Material","EM0002","Electrical Material","150 Sq.mm x 3.5 Core Alu. Armoud Cable","MTR",false,18.0,5.0,"Approved",
"Material","EM0254","Electrical Material","Channel Clamp for Neon Strip","NOS",false,0.0,7.0,"Approved",
"Material","EM0256","Electrical Material","CYLINDRICAL UP-DOWN LIGHT 2*12 W","NOS",false,0.0,30.0,"Approved",
"Material","EM0071","Electrical Material","Spreader link for MCCB","Nos",false,18.0,5.0,"Approved",
"Material","EM0317","Electrical Material","open conduct round 12mm pipe","NOS",false,18.0,5.0,"Approved",
"Material","EM0234","Electrical Material","100 WATT LED DRIVER","NOS",false,18.0,7.0,"Approved",
"Material","EM0255","Electrical Material","200 W ALUMINIUM SMPS DRIVER 24V","NOS",false,0.0,5.0,"Approved",
"Material","EM0252","Electrical Material","6 SQMM X 4 CORE  ALUMINIUM ARMD. CABLE","MTR",false,0.0,5.0,"Approved",
"Material","EM0253","Electrical Material","Mounting U Clamp","NOS",false,0.0,5.0,"Approved",
"Material","EM0286","Electrical Material","35 Sqmm X 4 Core Alluminium Cable","MTR",false,0.0,4.0,"Approved",
"Material","EM0110","Electrical Material","3.5core X 300sqmm Alu Armoured Cable","MTR",false,18.0,5.0,"Approved",
"Material","EM0285","Electrical Material","OBO RD 10 100MC CU. COATED (ITEM NO. 5450085)","MTR",false,18.0,7.0,"Approved",
"Material","EM0272","Electrical Material","100 AMP 4 POLE MCB","NOS",false,18.0,5.0,"Approved",
"Material","EM0271","Electrical Material","18W CYLINDER LIGHT","NOS",false,18.0,7.0,"Approved",
"Material","EM0281","Electrical Material","100 AMP MCCB","NOS",false,0.0,4.0,"Approved",
"Material","EM0316","Electrical Material","6 AMP MODULAR SOCKET","NOS",false,18.0,0.0,"Approved",
"Material","EM0300","Electrical Material","25 mm * 3 mm GI Strip for Earthing","NOS",false,18.0,14.0,"Approved",
"Material","EM0278","Electrical Material","HALOGEN HOLDER","NOS",false,0.0,4.0,"Approved",
"Material","EM0302","Electrical Material","1/2"" conduct pipe","NOS",false,0.0,5.0,"Approved",
"Material","EM0109","Electrical Material","LED Strip Light","MTR",false,18.0,7.0,"Approved",
"Material","EM0305","Electrical Material","5 HP MOTTOR","NOS",false,18.0,5.0,"Approved",
"Material","EM0269","Electrical Material","FIRE MORTAR","Kg",false,18.0,5.0,"Approved",
"Material","EM0106","Electrical Material","COB Light 9 Watt","Nos",false,18.0,7.0,"Approved",
"Material","EM0107","Electrical Material","COB Light 12 Watt","Nos",false,18.0,30.0,"Approved",
"Material","EM0130","Electrical Material","40 AMP 4 POLE MCB","NOS",false,18.0,5.0,"Approved",
"Material","EM0135","Electrical Material","50 KVA Oil Cooled Stabilizer (3 Phase)","Nos",false,18.0,5.0,"Approved",
"Material","EM0314","Electrical Material","35 Sqmm X 4 Core Aluminium Armoud Cable","MTR",false,18.0,4.0,"Approved",
"Material","EM0132","Electrical Material","25mm Black PVC Elbow","Nos",false,18.0,5.0,"Approved",
"Material","EM0296","Electrical Material","OBO RD-10 100 MC CU. COATED","MTR",false,18.0,7.0,"Delete",
"Material","EM0304","Electrical Material","CLAMP MS 25X3","PCS",false,0.0,4.0,"Approved",
"Material","EM0051","Electrical Material","150 Sqmm Alluminium Lugs","NOS",false,18.0,5.0,"Approved",
"Material","EM0139","Electrical Material","300mm Ring Type Alu. Lug","Nos",false,18.0,5.0,"Approved",
"Material","EM0138","Electrical Material","Electric Governor (For DG Set)","Nos",false,18.0,12.0,"Approved",
"Material","EM0142","Electrical Material","95mm Ring Type Alu. Lug","Nos",false,18.0,5.0,"Approved",
"Material","EM0146","Electrical Material","63mm Double Compressor Cable Gland","Nos",false,18.0,5.0,"Approved",
"Material","EM0148","Electrical Material","50mm Double Compressor Cable Gland","Nos",false,18.0,5.0,"Approved",
"Material","EM0151","Electrical Material","95 Sq.mm x 1 Core Alu. Unarmoured Earthing Cable","MTR",false,18.0,5.0,"Approved",
"Material","EM0152","Electrical Material","70 sq.mm 4 core alu. Armour Cable","MTR",false,18.0,5.0,"Approved",
"Material","EM0303","Electrical Material","16 AMP ( 2 PLUG. 2 SWITCH ) BOARD","NOS",false,0.0,6.0,"Approved",
"Material","EM0068","Electrical Material","Three Phase Electronic DOL Starter STS-320 + LLC","Nos",false,18.0,5.0,"Approved",
"Material","EM0087","Electrical Material","600X100X3mm Ladder Type GI Cable Tray","MTR",false,18.0,5.0,"Approved",
"Material","EM0156","Electrical Material","BUSHBAR CHAMBER 100 AMP","NOS",false,18.0,5.0,"Approved",
"Material","EM0195","Electrical Material","400 WATT HELOGEN","NOS",false,18.0,7.0,"Approved",
"Material","EM0311","Electrical Material","Float Level Controller","NOS",false,18.0,4.0,"Approved",
"Material","EM0037","Electrical Material","Led Flud Light 50w","NOS",false,18.0,7.0,"Approved",
"Material","EM0215","Electrical Material","LED STRIP LIGHT (18 WATT) 4000K","MTR",false,18.0,7.0,"Approved",
"Material","EM0218","Electrical Material","17MM CONCEAL PROFILE WITH OPEL DIFFUSER","MTR",false,18.0,7.0,"Approved",
"Material","EM0219","Electrical Material","60WT ALUMINIUM SMPS DRIVER 24V","NOS",false,18.0,7.0,"Approved",
"Material","EM0220","Electrical Material","100 WT ALUMINIUM SMPS DRIVER 24V","NOS",false,18.0,7.0,"Approved",
"Material","EM0213","Electrical Material","95 Sqmm Alluminium Lugs","NOS",false,18.0,5.0,"Approved",
"Material","EM0301","Electrical Material","COPPER WIRE (8 GAUGE)","Kg",false,0.0,4.0,"Approval",
"Material","EM0227","Electrical Material","ALUMINIUM PROFILE","MTR",false,18.0,7.0,"Approved",
"Material","EM0226","Electrical Material","LED DRIVER","NOS",false,18.0,7.0,"Approved",
"Material","EM0222","Electrical Material","SPOT COB LIGHT","NOS",false,18.0,30.0,"Approved",
"Material","EM0232","Electrical Material","7 WATT SPOT LIGHT","NOS",false,18.0,30.0,"Approved",
"Material","EM0233","Electrical Material","3 WATT SPOT LIGHT","NOS",false,18.0,30.0,"Approved",
"Material","EM0240","Electrical Material","4 Way Switch Board (1 switch, 3 socket)","Nos",false,18.0,5.0,"Approved",
"Material","EM0241","Electrical Material","18W COB","PCS",false,18.0,30.0,"Approved",
"Material","EM0276","Electrical Material","200 Amp Changeover Switch with Box","NOS",false,0.0,5.0,"Approved",
"Material","EM0244","Electrical Material","12W LED LAZAR LIGHT","NOS",false,18.0,7.0,"Approved",
"Material","EM0283","Electrical Material","500W filament","NOS",false,0.0,4.0,"Approved",
"Material","EM0133","Electrical Material","25mm Black PVC Pipe","MTR",false,18.0,5.0,"Approved",
"Material","EM0277","Electrical Material","HALOGEN HANGER","NOS",false,0.0,4.0,"Approved",
"Material","EM0108","Electrical Material","LT Cables","MTR",false,18.0,5.0,"Approved",
"Material","EM0247","Electrical Material","DOOR SWITCH","NOS",false,0.0,5.0,"Approved",
"Material","EM0214","Electrical Material","LED STRIP LIGHT (12 WATT) 4000 K","MTR",false,18.0,7.0,"Approved",
"Material","EM0248","Electrical Material","45MM GLAND","NOS",false,18.0,5.0,"Approved",
"Material","EM0251","Electrical Material","CONCEALED SURFACE LIGHT","NOS",false,18.0,7.0,"Approved",
"Material","EM0250","Electrical Material","70 SQMM ALU. LUGS","NOS",false,18.0,5.0,"Approved",
"Material","EM0249","Electrical Material","50 SQMM ALU. LUGS","NOS",false,18.0,5.0,"Approved",
"Material","EM0280","Electrical Material","200 AMM BUS BAR","NOS",false,0.0,4.0,"Draft",
"Material","EM0070","Electrical Material","200 Amp 3 Pole MCCB","Nos",false,18.0,5.0,"Approved",
"Material","EM0012","Electrical Material","4 SQ.MM. X 2 CORE SERVICE CABLE","MTR",false,18.0,5.0,"Approved",
"Material","EM0034","Electrical Material","Masking Tap 75mm.","NOS",false,18.0,5.0,"Approved",
"Material","EM0170","Electrical Material","LED 22""","NOS",false,18.0,7.0,"Approved",
"Material","EM0122","Electrical Material","SADDLE CLAMP 25mm","NOS",false,18.0,5.0,"Approved",
"Material","EM0094","Electrical Material","300mm Ladder Type Horizontal Elbow","Nos",false,18.0,5.0,"Approved",
"Material","EM0189","Electrical Material","600 mm vertical elbow up (cable tray)","NOS",false,18.0,5.0,"Approved",
"Material","EM0188","Electrical Material","300 X 100 x 3 Ladder Type Cable Tray","MTR",false,18.0,5.0,"Approved",
"Material","EM0090","Electrical Material","600mm Ladder Type Outer Elbow","Nos",false,0.0,5.0,"Approved",
"Material","EM0001","Electrical Material","Flood Light","NOS",false,18.0,7.0,"Approved",
"Material","EM0035","Electrical Material","16sqmm 4 Core Flexible Cable.","MTR",false,18.0,5.0,"Approved",
"Material","EM0186","Electrical Material","INDUSTRIAL DISTRIBUTION BOX","NOS",false,18.0,5.0,"Approved",
"Material","EM0076","Electrical Material","8 guage GI wire","MTR",false,18.0,5.0,"Approved",
"Material","EM0185","Electrical Material","INDUSTRIAL SOCKET 20AMP 3 PIN","NOS",false,18.0,5.0,"Approved",
"Material","EM0040","Electrical Material","100w Non Dimable Power Supply","NOS",false,18.0,5.0,"Approved",
"Material","EM0036","Electrical Material","12w Spike Light","NOS",false,18.0,30.0,"Approved",
"Material","EM0041","Electrical Material","200 A Earth Leakage Relay","NOS",false,18.0,5.0,"Approved",
"Material","EM0180","Electrical Material","6"" Hanging  Clamp","Nos",true,18.0,7.0,"Delete",
"Material","EM0127","Electrical Material","16Sq.mm x 4 Core Unarmoured Aluminium Cable","MTR",false,18.0,5.0,"Approved",
"Material","EM0121","Electrical Material","25mm ELECTRIC ELBOW","NOS",false,18.0,5.0,"Approved",
"Material","EM0006","Electrical Material","18w Surface LED","NOS",false,18.0,7.0,"Approved",
"Material","EM0084","Electrical Material","Two way switch","Nos",false,0.0,5.0,"Approved",
"Material","EM0243","Electrical Material","Pole with 50 W Light","NOS",false,0.0,30.0,"Approved",
"Material","EM0007","Electrical Material","200 Amp Copper Basbar 15""","MTR",false,18.0,5.0,"Approved",
"Material","EM0242","Electrical Material","Pole with 30 W Light","NOS",false,0.0,30.0,"Approved",
"Material","EM0181","Electrical Material","10 Sq.mm 3 Core Aluminium Unarmoured Cable","MTR",false,18.0,5.0,"Approved",
"Material","EM0162","Electrical Material","4 Way  Surface Switch Board (6 amp Plug = 1 & 6 amp Switch = 2)","Nos",false,0.0,5.0,"Approved",
"Material","EM0166","Electrical Material","2 WAY SWITCH","NOS",false,0.0,5.0,"Approved",
"Material","EM0003","Electrical Material","1.5 Sq.mm.  x 2 Core Cable","MTR",false,18.0,5.0,"Approved",
"Material","EM0008","Electrical Material","250 Amp Changeover Switch with Box","NOS",false,18.0,5.0,"Approved",
"Material","EM0009","Electrical Material","2.5 Sqmm 2core Copper Flexible Cable","MTR",false,18.0,5.0,"Approved",
"Material","EM0289","Electrical Material","1sqmm 6core copper  flexible  cable","MTR",false,0.0,4.0,"Approved",
"Material","EM0238","Electrical Material","25 Sqmm Ring Type Alu. Lug","NOS",false,18.0,5.0,"Approved",
"Material","EM0237","Electrical Material","16 Sq.mm x 3.5 Core Unarmoured Aluminium Cable","MTR",false,18.0,5.0,"Approved",
"Material","EM0236","Electrical Material","10 AMP LED DRIVER","NOS",false,18.0,7.0,"Approved",
"Material","EM0235","Electrical Material","17MM FLEXIBLE LIGHT","MTR",false,18.0,7.0,"Approved",
"Material","EM0231","Electrical Material","50 SQ.MM RING TYPE COPPER LUG","NOS",false,18.0,5.0,"Approved",
"Material","EM0010","Electrical Material","300 Sq.mm x 3.5 Core Alu. Armoud Cable","MTR",false,18.0,5.0,"Approved",
"Material","EM0230","Electrical Material","50 SQMM 4 CORE COPPER FLEXIBLE CABLE","MTR",false,18.0,5.0,"Approved",
"Material","EM0228","Electrical Material","35 KVA - 3 PHASE STABILIZER (AIR COOLED)","NOS",false,18.0,12.0,"Approved",
"Material","EM0225","Electrical Material","LED LINEAR LIGHT","NOS",false,18.0,7.0,"Approved",
"Material","EM0224","Electrical Material","DIFFUSER WITH COVER","NOS",false,18.0,7.0,"Approved",
"Material","EM0221","Electrical Material","150WT ALUMINIUM SMPS DRIVER 24V","NOS",false,18.0,7.0,"Approved",
"Material","EM0004","Electrical Material","16 Amp Socket","NOS",false,18.0,5.0,"Approved",
"Material","EM0038","Electrical Material","Switch Board (Two Switch 6 Amp & One Plug 6 Amp)","NOS",false,18.0,5.0,"Approved",
"Material","EM0011","Electrical Material","320 Amp 4pole Off Load Change Over","NOS",false,18.0,5.0,"Approved",
"Material","EM0217","Electrical Material","CORNER PROFILE WITH OPEL DIFFUSER","MTR",false,18.0,7.0,"Approved",
"Material","EM0216","Electrical Material","PROFILE 7MM WITH OPEL DIFFUSER","MTR",false,18.0,7.0,"Approved",
"Material","EM0212","Electrical Material","LED Wall Washer Accessories","PCS",false,18.0,7.0,"Approved",
"Material","EM0211","Electrical Material","LED Outdoor Driver","Nos",false,18.0,7.0,"Approved",
"Material","EM0210","Electrical Material","LED Linear Washer","Nos",false,18.0,7.0,"Approved",
"Material","EM0209","Electrical Material","SINGLE PHASE METER","NOS",false,18.0,5.0,"Approved",
"Material","EM0208","Electrical Material","1HP WATER PUMP","NOS",false,18.0,5.0,"Approved",
"Material","EM0207","Electrical Material","Motor Rewinding","Nos",false,18.0,5.0,"Approved",
"Material","EM0205","Electrical Material","250 Amp 4 Pole Mccb (Hager)","Nos",false,18.0,5.0,"Approved",
"Material","EM0204","Electrical Material","300 AMP Copper Bus Bar","NOS",false,18.0,5.0,"Approved",
"Material","EM0206","Electrical Material","18 WATT LED BULB","NOS",false,18.0,7.0,"Approved",
"Material","EM0203","Electrical Material","Electromechanical Timer","Nos",false,0.0,5.0,"Approved",
"Material","EM0202","Electrical Material","25 AMP Contactor","Nos",false,18.0,5.0,"Approved",
"Material","EM0201","Electrical Material","Electrical Junction Box","Nos",false,18.0,5.0,"Approved",
"Material","EM0200","Electrical Material","400 AMP MCCB (with ELR box)","Nos",false,18.0,5.0,"Approved",
"Material","EM0199","Electrical Material","600 AMP Copper Busbar","Nos",false,18.0,5.0,"Approved",
"Material","EM0065","Electrical Material","4 SS Board","Nos",false,18.0,5.0,"Approved",
"Material","EM0198","Electrical Material","Motor Auto Sensor Kit","Nos",false,18.0,5.0,"Approved",
"Material","EM0053","Electrical Material","63 AMP 4 POLE MCB","NOS",false,0.0,5.0,"Approved",
"Material","EM0014","Electrical Material","63 Amp 4 Pole Mcb with Box","NOS",false,18.0,5.0,"Approved",
"Material","EM0066","Electrical Material","35 Sqmm X 4 Core Copper Armoud Cable","MTR",false,18.0,5.0,"Approved",
"Material","EM0015","Electrical Material","6 SQ. mm Sq.mm. 2 Core Aluminium Cable","RFT",false,0.0,5.0,"Approved",
"Material","EM0197","Electrical Material","PVC CAMERA BOX 5X5 SIZE","NOS",false,18.0,5.0,"Approved",
"Material","EM0194","Electrical Material","Switch Board With Surface Box - 8 Module","NOS",false,18.0,5.0,"Approved",
"Material","EM0196","Electrical Material","35MM ALUMINUM 3.5 CORE CABLE","MTR",false,18.0,5.0,"Approved",
"Material","EM0157","Electrical Material","BUSHBAR CHAMBER 63 AMP","NOS",false,18.0,5.0,"Approved",
"Material","EM0067","Electrical Material","35 Sqmm Alu. Lugs","Nos",false,18.0,5.0,"Approved",
"Material","EM0016","Electrical Material","6 Sq.mm Copper Lug (Ring Type)","NOS",false,18.0,5.0,"Approved",
"Material","EM0091","Electrical Material","600mm Ladder Type Inner Elbow","Nos",false,18.0,5.0,"Approved",
"Material","EM0092","Electrical Material","600mm Ladder Type Horizontal Tee","Nos",false,18.0,5.0,"Approved",
"Material","EM0089","Electrical Material","600mm Ladder type Horizontal Elbow","Nos",false,18.0,5.0,"Approved",
"Material","EM0093","Electrical Material","600 x 300 Ladder Type Reducer","Nos",false,18.0,5.0,"Approved",
"Material","EM0112","Electrical Material","6 SQ.MM X 2 CORE ALUMINIUM CABLE","MTR",false,18.0,5.0,"Approved",
"Material","EM0073","Electrical Material","6 Amp Board (with 3 switch & 3 plug)","Nos",false,18.0,5.0,"Approved",
"Material","EM0013","Electrical Material","50 Sq.mm x  3.5 Core Alu. Armoud Cable","MTR",false,18.0,5.0,"Approved",
"Material","EM0056","Electrical Material","3PH Motor Starter","NOS",false,18.0,5.0,"Approved",
"Material","EM0159","Electrical Material","35 SQMM ALUMINIUM LUGS","NOS",false,18.0,5.0,"Approved",
"Material","EM0117","Electrical Material","32 AMP - 3 POLL MCB","NOS",false,18.0,5.0,"Approved",
"Material","EM0088","Electrical Material","300x50x3mm Ladder Type GI Cable Tray","MTR",false,18.0,5.0,"Approved",
"Material","EM0017","Electrical Material","70mm x 3.5 Core Alluminium Armer Cable","MTR",false,18.0,5.0,"Approved",
"Material","EM0120","Electrical Material","25mm ELECTRIC PIPE","NOS",false,18.0,5.0,"Approved",
"Material","EM0129","Electrical Material","25mm 4 Core Aluminium Cable (Armour)","MTR",false,18.0,5.0,"Approved",
"Material","EM0095","Electrical Material","24 Watt Surface Light","Nos",false,18.0,7.0,"Approved",
"Material","EM0075","Electrical Material","2.5 sq.mm 3 core cable","MTR",false,18.0,5.0,"Approved",
"Material","EM0074","Electrical Material","2.5 Sq.mm 2 Core Service cable - (Aluminium)","bndl",false,18.0,5.0,"Approved",
"Material","EM0059","Electrical Material","16 Amp(4 plug.4 switch) Board","NOS",false,18.0,5.0,"Approved",
"Material","EM0101","Electrical Material","1.5 SQ.MM 2 CORE ALUMINIUM SERVICE CABLE","MTR",false,18.0,5.0,"Approved",
"Material","EM0064","Electrical Material","2.5 sqmm x3 Core Cable","MTR",false,18.0,5.0,"Approved",
"Material","EM0018","Electrical Material","8 Gage  Gi Copper Wire","MTR",false,18.0,5.0,"Approved",
"Material","EM0246","Electrical Material","16 amp. board with 7 socket","NOS",false,0.0,5.0,"Approved",
"Material","EM0055","Electrical Material","200 Amp Copper Basbar 24""","NOS",false,18.0,5.0,"Approved",
"Material","EM0020","Electrical Material","LED Spotlight","NOS",false,18.0,7.0,"Approved",
"Material","EM0048","Electrical Material","LED Fancy Lite with BIS Driver","PCS",false,18.0,30.0,"Approved",
"Material","EM0245","Electrical Material","125 Amp. 4 Pole MCB (With Box)","NOS",false,0.0,5.0,"Approved",
"Material","EM0158","Electrical Material","Refnets Joints - For AC","Nos",false,28.0,5.0,"Approved",
"Material","EM0169","Electrical Material","GLASS FOR HANGING LIGHT","NOS",false,18.0,7.0,"Approved",
"Material","EM0168","Electrical Material","Regulator 2 Module","Nos",false,0.0,5.0,"Approved",
"Material","EM0161","Electrical Material","2.5 Sq.mm 3 Core Copper Flexible Cable","MTR",false,0.0,5.0,"Approved",
"Material","EM0021","Electrical Material","15w Led Panel Light","NOS",false,18.0,7.0,"Approved",
"Material","EM0039","Electrical Material","Two Way Switch with Box","NOS",false,18.0,5.0,"Approved",
"Material","EM0047","Electrical Material","LED Driver 25W","PCS",false,18.0,7.0,"Approved",
"Material","EM0167","Electrical Material","American Hook","Nos",false,0.0,5.0,"Approved",
"Material","EM0164","Electrical Material","25 AMP 4 POLE RCCB 300 MA","NOS",false,0.0,5.0,"Approved",
"Material","EM0160","Electrical Material","6 Sq.mm 4 Core Copper Armoured Cable","MTR",false,0.0,5.0,"Approved",
"Material","EM0054","Electrical Material","Electronic motor starter","NOS",false,18.0,5.0,"Approved",
"Material","EM0061","Electrical Material","200 watt Fox","NOS",false,18.0,7.0,"Approved",
"Material","EM0154","Electrical Material","630 AMP ATS CHANGEOVER","NOS",false,18.0,5.0,"Approved",
"Material","EM0153","Electrical Material","16 SQ.MM 4 CORE ALU. ARMOURED CABLE","MTR",false,18.0,5.0,"Approved",
"Material","EM0163","Electrical Material","1 Way Surface Switch Board (Two Way Switch = 1)","Nos",false,0.0,5.0,"Approved",
"Material","EM0022","Electrical Material","16 Amp 2 Pole Mcb","NOS",false,18.0,5.0,"Approved",
"Material","EM0147","Electrical Material","57mm Double Compressor Cable Gland","Nos",false,18.0,5.0,"Approved",
"Material","EM0081","Electrical Material","tubelight (1 feet)","Nos",false,18.0,5.0,"Approved",
"Material","EM0023","Electrical Material","16 Amp 4 Pole Mcb","NOS",false,18.0,5.0,"Approved",
"Material","EM0149","Electrical Material","35mm Double Compressor Cable Gland","Nos",false,18.0,5.0,"Approved",
"Material","EM0150","Electrical Material","22mm Double Compressor Cable Gland","Nos",false,18.0,5.0,"Approved",
"Material","EM0143","Electrical Material","70mm Ring Type Alu. Lug","Nos",false,18.0,5.0,"Approved",
"Material","EM0144","Electrical Material","50mm Ring Type Alu. Lug","Nos",false,18.0,5.0,"Approved",
"Material","EM0145","Electrical Material","35mm Ring Type Alu. Lug","Nos",false,18.0,5.0,"Approved",
"Material","EM0042","Electrical Material","Surface Down Light","PCS",false,18.0,7.0,"Approved",
"Material","EM0141","Electrical Material","150mm Ring Type Alu. Lug","Nos",false,18.0,5.0,"Approved",
"Material","EM0140","Electrical Material","185mm Ring Type Alu. Lug","Nos",false,18.0,5.0,"Approved",
"Material","EM0137","Electrical Material","160 KVA Diesel Generator","Nos",false,18.0,90.0,"Approved",
"Material","EM0134","Electrical Material","75 KVA Oil Cooled Stabilizer (3 Phase)","Nos",false,18.0,5.0,"Approved",
"Material","EM0057","Electrical Material","100 Amp Copper Busbar","NOS",false,18.0,5.0,"Approved",
"Material","EM0024","Electrical Material","25 Amp 2 Pole Rccb(30 MA)","NOS",false,18.0,5.0,"Approved",
"Material","EM0043","Electrical Material","8w RD U Surface CW","PCS",false,18.0,7.0,"Approved",
"Material","EM0078","Electrical Material","40amp FP MCB","Nos",false,18.0,5.0,"Approved",
"Material","EM0131","Electrical Material","25 AMP 2 POLE MCB","NOS",false,18.0,5.0,"Approved",
"Material","EM0025","Electrical Material","25 Amp 4 Pole Rccb (30MA)","NOS",false,18.0,5.0,"Approved",
"Material","EM0079","Electrical Material","25amp 30ml DP ELCB","Nos",false,18.0,5.0,"Approved",
"Material","EM0058","Electrical Material","3 Phase Meter","NOS",false,18.0,5.0,"Approved",
"Material","EM0044","Electrical Material","Strip Roll 240","PCS",false,18.0,5.0,"Approved",
"Material","EM0119","Electrical Material","1.5 SQ.MM X 4 CORE COPPER CABLE","MTR",false,18.0,5.0,"Approved",
"Material","EM0118","Electrical Material","FLEXIBLE CONDUIT 3/4""","MTR",false,18.0,5.0,"Approved",
"Material","EM0080","Electrical Material","25amp DP MCB","Nos",false,18.0,5.0,"Approved",
"Material","EM0026","Electrical Material","6 Amp 2 Pole Mcb","NOS",false,18.0,5.0,"Approved",
"Material","EM0045","Electrical Material","Strip Light","PCS",false,18.0,7.0,"Approved",
"Material","EM0177","Electrical Material","DRIVER 8.5A","NOS",false,18.0,7.0,"Approved",
"Material","EM0046","Electrical Material","12V3 Amp Mini LED Driver","PCS",false,0.0,7.0,"Approved",
"Material","EM0027","Electrical Material","20w Led panel Light","NOS",false,18.0,7.0,"Approved",
"Material","EM0060","Electrical Material","32 Amp 2 Pole Mcb with Box","NOS",false,18.0,5.0,"Approved",
"Material","EM0176","Electrical Material","DRIVER 12.5A","NOS",false,18.0,7.0,"Approved",
"Material","EM0175","Electrical Material","DRIVER 25A","NOS",false,18.0,7.0,"Approved",
"Material","EM0028","Electrical Material","150mm Vento Jet 15 Inx Steel finish Exostfan","NOS",false,18.0,5.0,"Approved",
"Material","EM0083","Electrical Material","1 way switch board ( two way switch 1)","Nos",false,18.0,5.0,"Approved",
"Material","EM0174","Electrical Material","DRIVER 5A","NOS",false,18.0,7.0,"Approved",
"Material","EM0105","Electrical Material","Surface Light 15W","Nos",false,18.0,7.0,"Approved",
"Material","EM0062","Electrical Material","MCB Box","NOS",false,18.0,5.0,"Approved",
"Material","EM0085","Electrical Material","6 Amp DP MCB","NOS",false,18.0,5.0,"Approved",
"Material","EM0184","Electrical Material","1 Sq.mm 2 Core Copper Braided Cable","MTR",false,18.0,5.0,"Approved",
"Material","EM0086","Electrical Material","2"" Z PATTI (24 HOLE)","Nos",false,18.0,5.0,"Approved",
"Material","EM0104","Electrical Material","10mm Aluminium 2 core cable","bndl",false,18.0,5.0,"Approved",
"Material","EM0102","Electrical Material","Wire tap (electric)","Nos",false,18.0,5.0,"Approved",
"Material","EM0103","Electrical Material","2.5 Sqmm 2 core flexible cable","MTR",false,18.0,5.0,"Approved",
"Material","EM0173","Electrical Material","FRIVER 8.5A","NOS",false,18.0,5.0,"Approved",
"Material","EM0182","Electrical Material","63 AMP 2 POLE MCB WITH BOX","NOS",false,18.0,5.0,"Approved",
"Material","EM0030","Electrical Material","12w Led Celling Recessed Wall Washer","NOS",false,18.0,7.0,"Approved",
"Material","EM0063","Electrical Material","200 mm Cable Tie Pin","NOS",false,18.0,5.0,"Approved",
"Material","EM0049","Electrical Material","Driver 3 IN 1 :- 8 -22w","PCS",false,18.0,7.0,"Approved",
"Material","EM0172","Electrical Material","DRIVER 3A","NOS",false,18.0,7.0,"Approved",
"Material","EM0126","Electrical Material","RUBBER PAD","Nos",false,18.0,5.0,"Approved",
"Material","EM0128","Electrical Material","MCB BOX 2 WAY","NOS",false,18.0,5.0,"Approved",
"Material","EM0100","Electrical Material","16 Amp Board 4 plug 4 switch","Nos",false,18.0,5.0,"Approved",
"Material","EM0072","Electrical Material","200 Amp Porcelain Fuse","Nos",false,18.0,5.0,"Approved",
"Material","EM0031","Electrical Material","2w Black Allu. Diecast Led Spot Light","NOS",false,18.0,7.0,"Approved",
"Material","EM0116","Electrical Material","MCB BOX 4 POLE","NOS",false,0.0,5.0,"Approved",
"Material","EM0125","Electrical Material","0.5 SQ.MM 3 CORE COPPER CABLE","MTR",false,18.0,5.0,"Approved",
"Material","EM0193","Electrical Material","300 mm horizontal tee (cable tray)","NOS",false,18.0,5.0,"Approved",
"Material","EM0124","Electrical Material","1.5 SQ.MM 3 CORE COPPER CABLE","NOS",false,18.0,5.0,"Approved",
"Material","EM0032","Electrical Material","Hanging Light","NOS",false,18.0,30.0,"Approved",
"Material","EM0115","Electrical Material","MCB BOX 1/2 WAY","NOS",false,18.0,5.0,"Approved",
"Material","EM0171","Electrical Material","POE Switch  8 Port","Nos",false,18.0,5.0,"Approved",
"Material","EM0114","Electrical Material","40 AMP 3 POLE MCB","NOS",false,18.0,5.0,"Approved",
"Material","EM0099","Electrical Material","MCB CHANNEL PATTI (4 FT)","NOS",false,18.0,5.0,"Approved",
"Material","EM0192","Electrical Material","300 mm vertical elbow down (cable tray)","NOS",false,18.0,5.0,"Approved",
"Material","EM0069","Electrical Material","Earthing Electrode 50mm  (3 Mtr)","Nos",false,18.0,5.0,"Approved",
"Material","EM0191","Electrical Material","300 mm vertical elbow up (cable tray)","NOS",false,18.0,5.0,"Approved",
"Material","EM0097","Electrical Material","6 Amp Switch","Nos",false,18.0,5.0,"Approved",
"Material","EM0096","Electrical Material","6 Amp Plug","Nos",false,18.0,5.0,"Approved",
"Material","EM0098","Electrical Material","LED Tube light (2 Feet)","Nos",false,18.0,5.0,"Approved",
"Material","EM0190","Electrical Material","600x300 mm horizontal reducer (cable tray)","NOS",false,18.0,5.0,"Approved",
"Material","EM0187","Electrical Material","4 sq.mm X 4 Core Copper Flexible Cable","MTR",false,18.0,5.0,"Approved",
"Material","EM0113","Electrical Material","40 AMP 2 POLE MCB","NOS",false,18.0,5.0,"Approved",
"Material","EM0165","Electrical Material","2 WAY SWITCH WITH BOARD","NOS",false,0.0,5.0,"Approved",
"Material","EM0313","Electrical Material","10 mm aluminium ring lug","NOS",false,18.0,4.0,"Approved",
"Material","EM0308","Electrical Material","FP MCCB 250AMP 4 POLE With ELR (BOX)","NOS",false,18.0,7.0,"Approved",
"Material","EM0291","Electrical Material","3 mm X 25 mm GI Strip","MTR",false,0.0,10.0,"Approved",
"Service","ELW0004","Electrical work","Power Backup Pannel work","Sq.Ft.",false,0.0,0.0,"Approved",
"Service","ELW0001","Electrical work","Outside Electric Work Labour with Material","Lumpsum",false,0.0,0.0,"Approved",
"Service","ELW0009","Electrical work","Earthing Work","NOS",false,18.0,0.0,"Approved",
"Service","ELW0006","Electrical work","Electrical wiring and Fitting Work","Lumpsum",false,0.0,0.0,"Approved",
"Service","ELW0005","Electrical work","Electrical conduiting Work","FLAT",false,0.0,0.0,"Approved",
"Service","ELW0007","Electrical work","Electrical Accessories fitting Work","Lumpsum",false,0.0,0.0,"Approved",
"Service","ELW0002","Electrical work","Slab Conduiting Work","FLAT",false,18.0,0.0,"Approved",
"Service","ELW0003","Electrical work","Electrical work Labour with Material.","NOS",false,0.0,0.0,"Approved",
"Service","ELW0010","Electrical work","DG SERVICE WORK","Lumpsum",false,18.0,0.0,"Approved",
"Service","ELW0008","Electrical work","Meter Room Work","Lumpsum",false,0.0,0.0,"Approved",
"Material","ESM0067","Electronic Material","HDMI Extender","Nos",false,18.0,15.0,"Approved",
"Material","ESM0063","Electronic Material","2 MP IP Camera","Nos",false,18.0,15.0,"Approved",
"Material","ESM0010","Electronic Material","500 Watt Helogen","Nos",false,18.0,7.0,"Approved",
"Material","ESM0001","Electronic Material","Harddisk","NOS",false,18.0,12.0,"Approved",
"Material","ESM0009","Electronic Material","Halogen 200w","Nos",false,18.0,7.0,"Approved",
"Material","ESM0042","Electronic Material","Pole Mount Navi 2 x 30W Light Fixtures & 2.4 mt Flat Series Pole","Nos",false,18.0,30.0,"Approved",
"Material","ESM0028","Electronic Material","Exhaust Fan","Nos",false,18.0,5.0,"Approved",
"Material","ESM0055","Electronic Material","3.2 Tonne 360 Circular Cassette with Grille n Remote (Indoor)","Nos",false,28.0,10.0,"Approved",
"Material","ESM0046","Electronic Material","Connectors Suitable For Power Grazer 32 Series","Nos",false,18.0,5.0,"Approved",
"Material","ESM0091","Electronic Material","16 PORT POE GIGA SWITCH","NOS",false,18.0,7.0,"Approved",
"Material","ESM0033","Electronic Material","Spike Light 6W","Nos",false,18.0,7.0,"Approved",
"Material","ESM0062","Electronic Material","CABIN FAN","NOS",false,18.0,5.0,"Approved",
"Material","ESM0048","Electronic Material","CHANDELIER","NOS",false,18.0,30.0,"Approved",
"Material","ESM0103","Electronic Material","3.5 Mtr Pole with 2 Lights","NOS",false,18.0,45.0,"Approved",
"Material","ESM0096","Electronic Material","HAMMER DRILL MACHINE","NOS",false,18.0,4.0,"Draft",
"Material","ESM0068","Electronic Material","Wireless Device","Nos",false,18.0,15.0,"Approved",
"Material","ESM0089","Electronic Material","10MM C TO C CORNER JOINTERS","NOS",false,0.0,5.0,"Approved",
"Material","ESM0065","Electronic Material","4 TB HDD","Nos",false,18.0,15.0,"Approved",
"Material","ESM0069","Electronic Material","16 Port IP Switch","Nos",false,18.0,5.0,"Approved",
"Material","ESM0061","Electronic Material","2.0 Ton 1Way Cassette AC ( Inverter )","Nos",false,28.0,10.0,"Approved",
"Material","ESM0104","Electronic Material","3.5 Mtr Pole with 1 Light","NOS",false,18.0,45.0,"Approved",
"Material","ESM0035","Electronic Material","Bollard","Nos",false,18.0,30.0,"Approved",
"Material","ESM0030","Electronic Material","Wall & Pathway Luminaire","Nos",false,18.0,30.0,"Approved",
"Material","ESM0109","Electronic Material","NEON FLEX LIGHT","MTR",false,18.0,30.0,"Approved",
"Material","ESM0111","Electronic Material","5 HP VERTICAL PRESSURE PUMP","NOS",false,18.0,7.0,"Approved",
"Material","ESM0013","Electronic Material","1000 watt HELOGEN","NOS",false,18.0,7.0,"Approved",
"Material","ESM0076","Electronic Material","16 CH NVR WITH 2 SATA","NOS",false,18.0,5.0,"Approved",
"Material","ESM0088","Electronic Material","DC STRAIGHT JOINTER","NOS",false,0.0,5.0,"Approved",
"Material","ESM0090","Electronic Material","IN PUT MODUAL","NOS",false,0.0,15.0,"Approved",
"Material","ESM0082","Electronic Material","Battery 12V 130 Ah","Nos",false,28.0,5.0,"Approved",
"Material","ESM0107","Electronic Material","5 Mtr Pole with 2 Lights","NOS",false,18.0,45.0,"Approved",
"Material","ESM0075","Electronic Material","4 MP IR BULLET CAMERA","NOS",false,18.0,7.0,"Approved",
"Material","ESM0110","Electronic Material","35 WT ALUMINIUM SMPS DRIVER 24V","NOS",false,18.0,28.0,"Approved",
"Material","ESM0024","Electronic Material","12 WATT LIGHT","NOS",false,18.0,7.0,"Approved",
"Material","ESM0079","Electronic Material","RJ45 CONNECTOR","NOS",false,18.0,7.0,"Approved",
"Material","ESM0073","Electronic Material","TDS METER","NOS",false,0.0,7.0,"Approved",
"Material","ESM0078","Electronic Material","8 PORT 10/100 POE SWITCH","NOS",false,18.0,5.0,"Approved",
"Material","ESM0043","Electronic Material","Spike Light 3W","Nos",false,18.0,7.0,"Approved",
"Material","ESM0080","Electronic Material","WIRELESS MOUSE","NOS",false,18.0,7.0,"Approved",
"Material","ESM0112","Electronic Material","Concealed Foot Light","NOS",false,18.0,56.0,"Approved",
"Material","ESM0027","Electronic Material","LED BULB","NOS",false,18.0,7.0,"Approved",
"Material","ESM0045","Electronic Material","Power Supply For Power Frazzer 300W","Nos",false,18.0,7.0,"Approved",
"Material","ESM0056","Electronic Material","BOOM BARRIER","NOS",false,18.0,30.0,"Approved",
"Material","ESM0036","Electronic Material","Wall Light (One Way)","Nos",false,18.0,30.0,"Approved",
"Material","ESM0014","Electronic Material","Pressure Boosting System (For Domestic) Each Pump Each VFD Base","set",false,18.0,45.0,"Approved",
"Material","ESM0102","Electronic Material","4.5 mtr Light Pole","NOS",false,18.0,45.0,"Approved",
"Material","ESM0054","Electronic Material","6 HP - Cooling only - Side Discharge (Outdoor)","Nos",false,28.0,10.0,"Approved",
"Material","ESM0025","Electronic Material","SURFACE LIGHT","NOS",false,18.0,7.0,"Approved",
"Material","ESM0031","Electronic Material","Stix light","Nos",false,18.0,7.0,"Approved",
"Material","ESM0008","Electronic Material","BLOWER MACHINE","Nos",false,18.0,5.0,"Approved",
"Material","ESM0106","Electronic Material","3 Mtr Pole Light 2 Side","NOS",false,18.0,45.0,"Approved",
"Material","ESM0007","Electronic Material","Industrial Pedestal Fan","NOS",false,0.0,5.0,"Approved",
"Material","ESM0032","Electronic Material","In-Ground Light","Nos",false,18.0,30.0,"Approved",
"Material","ESM0098","Electronic Material","SURFACE LIGHT 12W","NOS",false,18.0,20.0,"Approved",
"Material","ESM0050","Electronic Material","2.0 Tonne 4 Way Cassette AC","Nos",false,28.0,10.0,"Approved",
"Material","ESM0094","Electronic Material","12 MM NEON FLEX LIGHT","MTR",false,0.0,7.0,"Approved",
"Material","ESM0097","Electronic Material","5 HP Mud Pump","NOS",false,18.0,7.0,"Approved",
"Material","ESM0051","Electronic Material","3.0 Tonne 4 Way Cassette","Nos",false,28.0,10.0,"Approved",
"Material","ESM0020","Electronic Material","FOLDING FAN","NOS",false,18.0,5.0,"Approved",
"Material","ESM0017","Electronic Material","AIR CONDITIONER - (1.0 TONN INVERTER)","NOS",false,0.0,10.0,"Approved",
"Material","ESM0016","Electronic Material","AIR CONDITIONER - (1.5 TONNE INVERTER)","NOS",false,0.0,10.0,"Approved",
"Material","ESM0052","Electronic Material","2.0 Ton Hi-Wall","Nos",false,28.0,10.0,"Approved",
"Material","ESM0029","Electronic Material","Surface Mount Foot Light","Nos",false,18.0,30.0,"Approved",
"Material","ESM0041","Electronic Material","Pole Mqunt Navi 30W Light Fixtures(Suitable For KP-4280 Pole)","Nos",false,18.0,30.0,"Approved",
"Material","ESM0002","Electronic Material","Celing Fan","NOS",false,18.0,5.0,"Approved",
"Material","ESM0099","Electronic Material","40 KVA STABILIZER","NOS",false,18.0,14.0,"Approved",
"Material","ESM0005","Electronic Material","Hammer Drill 2-26mm Rebar Machine -Shr263k","NOS",false,18.0,5.0,"Approved",
"Material","ESM0060","Electronic Material","UHF TAGS","NOS",false,18.0,30.0,"Approved",
"Material","ESM0011","Electronic Material","1000 watt HELOGEN WITH TUBE","NOS",false,18.0,7.0,"Approved",
"Material","ESM0077","Electronic Material","4 TB HARDDISK","NOS",false,18.0,7.0,"Approved",
"Material","ESM0095","Electronic Material","Speaker","NOS",false,18.0,7.0,"Approved",
"Material","ESM0059","Electronic Material","UHF READER WITH MEMORY CONTROLLER","NOS",false,18.0,30.0,"Approved",
"Material","ESM0081","Electronic Material","Dial Cube Testing Machine  1000 KN Hand Operated","NOS",false,18.0,5.0,"Approved",
"Material","ESM0023","Electronic Material","LED LIGHT","Nos",false,18.0,7.0,"Approved",
"Material","ESM0053","Electronic Material","3.2 Ton 360 Circular Cassette AC","Nos",false,28.0,10.0,"Approved",
"Material","ESM0093","Electronic Material","LIGHT SPARES","NOS",false,0.0,7.0,"Approved",
"Material","ESM0092","Electronic Material","10 MM NEON FLEX LIGHT","MTR",false,0.0,7.0,"Approved",
"Material","ESM0034","Electronic Material","Spike Light 12W","Nos",false,18.0,7.0,"Approved",
"Material","ESM0039","Electronic Material","Zedo","Nos",false,18.0,7.0,"Approved",
"Material","ESM0101","Electronic Material","SLITING PEDESTAL POLE","NOS",false,0.0,45.0,"Approved",
"Material","ESM0100","Electronic Material","3 mtr Light Pole","NOS",false,18.0,45.0,"Approved",
"Material","ESM0015","Electronic Material","Pressure Boosting System (For Flushing) Each Pump Each VFD Base","set",false,18.0,45.0,"Approved",
"Material","ESM0038","Electronic Material","Power Grazer (Wall Bracket)","Nos",false,18.0,7.0,"Approved",
"Material","ESM0047","Electronic Material","End Cap Connectors","Nos",false,18.0,7.0,"Approved",
"Material","ESM0012","Electronic Material","1000 watt HELOGEN TUBE","NOS",false,18.0,7.0,"Approval",
"Material","ESM0086","Electronic Material","3 HP PUMP","Nos",false,18.0,5.0,"Approved",
"Material","ESM0072","Electronic Material","8 PORT POE GIGA ALL PORTS","NOS",false,18.0,7.0,"Approved",
"Material","ESM0021","Electronic Material","15W COB","NOS",false,18.0,7.0,"Approved",
"Material","ESM0085","Electronic Material","1 HP Motor","Nos",false,18.0,5.0,"Approved",
"Material","ESM0003","Electronic Material","Wireless Phone","NOS",false,0.0,12.0,"Approved",
"Material","ESM0037","Electronic Material","Wall Light (Two Way)","Nos",false,18.0,30.0,"Approved",
"Material","ESM0084","Electronic Material","1.5 TON 1 WAY CASSETTE AC","NOS",false,28.0,10.0,"Approved",
"Material","ESM0070","Electronic Material","Hybrid Video Intercom Kit","Nos",false,18.0,28.0,"Approved",
"Material","ESM0064","Electronic Material","16 CH NVR","NOS",false,18.0,15.0,"Approved",
"Material","ESM0004","Electronic Material","Drill Bit 12mm x 210 mm","NOS",false,18.0,5.0,"Approved",
"Material","ESM0058","Electronic Material","PUSH BUTTON (WIRED)","NOS",false,18.0,5.0,"Approved",
"Material","ESM0066","Electronic Material","CPU (WITH GRAPHICS CARD)","NOS",false,18.0,15.0,"Approved",
"Material","ESM0083","Electronic Material","EXHAUST FAN 6"" X 6""","NOS",false,18.0,5.0,"Approved",
"Material","ESM0019","Electronic Material","25 KVA STABILIZER","NOS",false,18.0,5.0,"Approved",
"Material","ESM0049","Electronic Material","Instant Geyser 20 Ltr.","Nos",false,0.0,15.0,"Approved",
"Material","ESM0114","Electronic Material","4.5 Mtr Pole with 2 Light","NOS",false,18.0,56.0,"Approved",
"Material","ESM0071","Electronic Material","Aviation Light","Nos",false,18.0,5.0,"Approved",
"Material","ESM0026","Electronic Material","HANGING LIGHT","NOS",false,18.0,30.0,"Approved",
"Material","ESM0018","Electronic Material","AIR CONDITIONER - (1.8 TONN INVERTER)","NOS",false,28.0,30.0,"Approved",
"Material","ESM0022","Electronic Material","15W SURFACE LIGHT","NOS",false,18.0,7.0,"Approved",
"Material","ESM0105","Electronic Material","3.5 Mtr Pole with 3 Lights","NOS",false,18.0,45.0,"Approved",
"Material","ESM0108","Electronic Material","Spike Light","NOS",false,18.0,45.0,"Approved",
"Material","ESM0087","Electronic Material","2HP Water Pump","NOS",false,18.0,7.0,"Approved",
"Material","ESM0074","Electronic Material","WALL FAN 16""","NOS",false,18.0,5.0,"Approved",
"Material","ESM0057","Electronic Material","SAFETY PHOTO CELL","set",false,18.0,30.0,"Approved",
"Material","ESM0044","Electronic Material","Power Supply For  Power Grazzer 60W","Nos",false,18.0,7.0,"Approved",
"Material","ESM0006","Electronic Material","Diesel Generator","set",false,18.0,90.0,"Approved",
"Material","ESM0113","Electronic Material","10 HP Openwell Pump","NOS",false,18.0,7.0,"Approved",
"Material","ESM0040","Electronic Material","Pole Light 2 x 50W Light Fixtures","Nos",false,18.0,30.0,"Approved",
"Service","ESW0002","Electronic work","AC and Copper Wiring Work","Lumpsum",false,0.0,0.0,"Approved",
"Service","ESW0004","Electronic work","BATTERY SERVICE AND CHARGER","NOS",false,0.0,0.0,"Approved",
"Service","ESW0003","Electronic work","Gas Geyser fitting Work","Lumpsum",false,0.0,0.0,"Approved",
"Service","ESW0001","Electronic work","CAT 6 Wire Material with Labour","Lumpsum",false,0.0,0.0,"Approved",
"Service","EDW0002","Elevation Work","Curtain Wall work","Sq.Ft.",false,0.0,0.0,"Approved",
"Service","EDW0003","Elevation Work","Facade Development work","Sq.Ft.",false,0.0,0.0,"Approved",
"Service","EDW0006","Elevation Work","CONSTRUCTION LIFT","Per Day",false,0.0,0.0,"Approved",
"Service","EDW0005","Elevation Work","ALUMINIUM GLASS WINDOW","RFT",false,0.0,0.0,"Approved",
"Service","EDW0001","Elevation Work","Dry cladding Work (Labour with Material)","Sq.Ft.",false,0.0,0.0,"Approved",
"Service","EDW0004","Elevation Work","Elevation Glass Work","Lumpsum",false,0.0,0.0,"Approved",
"Service","ELV0003","Elevators work","Elevators Work Material with Labour Type-2","NOS",false,18.0,120.0,"Approved",
"Service","ELV0002","Elevators work","Elevators Work Material with Labour Type-1","NOS",false,18.0,0.0,"Approved",
"Service","ELV0001","Elevators work","Elevators Work Material with Labour","NOS",false,0.0,0.0,"Approved",
"Equipment","EQS0005","Equipements","Tauruse Truck ( Hywa )","Day",false,0.0,1.0,"Approved",
"Equipment","EQS0008","Equipements","Poclain TATA Hitachi 110","hrs",false,0.0,0.0,"Approved",
"Equipment","EQS0006","Equipements","Poclain TATA Hitachi 200","hrs",false,0.0,0.0,"Approved",
"Equipment","EQS0004","Equipements","Tractor","Day",false,0.0,1.0,"Approved",
"Equipment","EQS0001","Equipements","Tractor With Ripper","Hrs",false,0.0,2.0,"Approved",
"Equipment","EQS0003","Equipements","Poclain","Hrs",false,0.0,0.0,"Approved",
"Equipment","EQS0009","Equipements","Breaker","Nos",false,0.0,0.0,"Approved",
"Equipment","EQS0007","Equipements","Poclain TATA Hitachi 140","hrs",false,0.0,0.0,"Approved",
"Equipment","EQS0002","Equipements","Jcb","Hrs",false,0.0,2.0,"Approved",
"Material","0006","FIRE & SAFETY","FIRE BALL","NOS",false,18.0,5.0,"Approved",
"Material","0007","FIRE & SAFETY","FIRE EXTINGUISHER","NOS",false,18.0,5.0,"Approved",
"Material","FAM0018","Fabrication Material","MS T Angle 35 x 35 x 5mm Length 27""","Nos",false,0.0,4.0,"Draft",
"Material","FAM0012","Fabrication Material","BASE PLATE","NOS",false,0.0,4.0,"Approved",
"Material","FAM0020","Fabrication Material","MS plate 400 X 300mm","Nos",false,18.0,5.0,"Approved",
"Material","FAM0004","Fabrication Material","Aluminium","KGS",false,18.0,4.0,"Approved",
"Material","FAM0005","Fabrication Material","Channel","KGS",false,0.0,4.0,"Approved",
"Material","FAM0022","Fabrication Material","MS plate 300 X 450mm","NOS",false,18.0,5.0,"Approved",
"Material","FAM0016","Fabrication Material","M S BAR","Kg",false,18.0,4.0,"Approved",
"Material","FAM0015","Fabrication Material","4 U Rack (With Pdu and FAN)","Nos",false,18.0,4.0,"Approved",
"Material","FAM0001","Fabrication Material","MS L Angle 35 x 35 x 5mm Length 28""","Nos",false,0.0,4.0,"Approved",
"Material","FAM0002","Fabrication Material","MS T Angle 35 x 35 x 5mm Length 28""","Nos",false,18.0,4.0,"Approved",
"Material","FAM0010","Fabrication Material","BASE PLATE WITH HOLE","Nos",false,0.0,4.0,"Approved",
"Material","FAM0009","Fabrication Material","M S Patra","Kg",false,0.0,4.0,"Approved",
"Material","FAM0014","Fabrication Material","DECORATIVE WALL DESIGN","NOS",false,12.0,30.0,"Approved",
"Material","FAM0021","Fabrication Material","MS Plate 250 X 300mm","Nos",false,18.0,5.0,"Draft",
"Material","FAM0003","Fabrication Material","Ms Plate 300x500mm","Nos",false,0.0,4.0,"Approved",
"Material","FAM0011","Fabrication Material","BASE PLATE with Bolt","Nos",false,18.0,4.0,"Approved",
"Material","FAM0007","Fabrication Material","M S Angle","Kg",false,18.0,4.0,"Approved",
"Material","FAM0008","Fabrication Material","M S Pipe","Kg",false,18.0,4.0,"Approved",
"Material","FAM0006","Fabrication Material","M S Plate","Kg",false,0.0,4.0,"Approved",
"Material","FAM0019","Fabrication Material","MS T Angle 25 * 25 * 3 mm Length - 27""","NOS",false,0.0,4.0,"Approved",
"Material","FAM0013","Fabrication Material","BASE PLATE with Bolt :- 300 MM x 230 MM","NOS",false,0.0,4.0,"Approved",
"Material","FAM0017","Fabrication Material","PPGI SHEET","Kg",false,18.0,4.0,"Approved",
"Service","FAB0008","Fabrication Work","Gazebo fabrication Work","Lumpsum",false,0.0,0.0,"Approved",
"Service","FAB0004","Fabrication Work","AC Platforms work","Nos",false,0.0,0.0,"Approved",
"Service","FAB0007","Fabrication Work","Lanndscape Gazebo work","NOS",true,0.0,0.0,"Approved",
"Service","FAB0006","Fabrication Work","Temporary Site Barrication work","Lumpsum",false,0.0,0.0,"Approved",
"Service","FAB0010","Fabrication Work","Sloping Roof Work","Sq.Ft.",false,18.0,0.0,"Approved",
"Service","FAB0005","Fabrication Work","Entry Gate Fabrication Work","Lumpsum",false,0.0,0.0,"Approved",
"Service","FAB0011","Fabrication Work","Plastic Fitting ( Over Roof ) work","Sq.Ft.",false,18.0,0.0,"Approved",
"Service","FAB0012","Fabrication Work","Fabrication Work","Lumpsum",false,0.0,0.0,"Approved",
"Service","FAB0001","Fabrication Work","OHWT and UGWT Tank Chambers work","NOS",false,0.0,0.0,"Approved",
"Service","FAB0003","Fabrication Work","Top Duct Covering work","Lumpsum",false,0.0,0.0,"Approved",
"Service","FAB0009","Fabrication Work","Aluminum Fabrication Work","Sq.Ft.",false,0.0,0.0,"Approved",
"Service","FAB0013","Fabrication Work","GI RAILING WORK","RFT",false,18.0,7.0,"Approved",
"Service","FAB0002","Fabrication Work","Terrace & Pumproom Doors work","Lumpsum",false,0.0,0.0,"Approved",
"Service","FFW0001","Fire Fighting work","Fire Fighting work material with labour","Lumpsum",false,0.0,0.0,"Approved",
"Material","FM0155","Flooring Material","KOTDA BLACK","Sq.Ft.",false,18.0,23.0,"Approved",
"Material","FM0144","Flooring Material","600 X 600 TILES FOR M. BEDROOM 2 TOILET FLOOR + DADO ( 523 )","Sq.Ft.",false,18.0,23.0,"Approved",
"Material","FM0129","Flooring Material","Tiles leveling Clip","NOS",false,18.0,4.0,"Approved",
"Material","FM0074","Flooring Material","800 X 800 Tiles ( Double Charge)","Sq.Ft.",false,0.0,23.0,"Approved",
"Material","FM0086","Flooring Material","600 X 600 Tiles ( Double Charge)","Sq.Ft.",false,0.0,23.0,"Approved",
"Material","FM0130","Flooring Material","Tiles Leveling Wedge","NOS",false,18.0,4.0,"Approved",
"Material","FM0131","Flooring Material","Tiles 600 x 1200 mm","Sq.Ft.",false,0.0,23.0,"Draft",
"Material","FM0157","Flooring Material","CERA Bondiit Super","Ltr",false,0.0,4.0,"Approved",
"Material","FM0132","Flooring Material","TAN BROWN HONED FINISH","Sq.Ft.",false,18.0,23.0,"Approved",
"Material","FM0133","Flooring Material","Lapox Ultrafast 50gms","NOS",false,0.0,4.0,"Approved",
"Material","FM0042","Flooring Material","Pink Marble","Sq.Ft.",false,18.0,23.0,"Approved",
"Material","FM0136","Flooring Material","TILE CODE 514 (600X600)","Sq.Ft.",false,18.0,23.0,"Approved",
"Material","FM0134","Flooring Material","Tiles Spacer 8mm (100 Nos.)","PKT",false,0.0,4.0,"Approved",
"Material","FM0015","Flooring Material","Pink Marble Fresh","Sq.Ft.",false,18.0,23.0,"Approved",
"Material","FM0081","Flooring Material","Floor Protection Sheet (3mm) - 6X4","Sq.Ft.",false,0.0,4.0,"Approved",
"Material","FM0137","Flooring Material","TILE CODE 520 (600X600)","Sq.Ft.",false,18.0,23.0,"Approved",
"Material","FM0140","Flooring Material","TILE CODE 604 (600X600)","Sq.Ft.",false,18.0,23.0,"Approved",
"Material","FM0138","Flooring Material","TILE CODE 523 (600X600)","Sq.Ft.",false,18.0,23.0,"Approved",
"Material","FM0135","Flooring Material","Rich Bond S & T Primer","KGS",false,0.0,4.0,"Approved",
"Material","FM0141","Flooring Material","TILE CODE 703 (6600X1200)","Sq.Ft.",false,18.0,23.0,"Approved",
"Material","FM0078","Flooring Material","Wooden Match Skirting","Nos",false,0.0,23.0,"Approved",
"Material","FM0079","Flooring Material","Wooden Reducer","Nos",false,0.0,4.0,"Approved",
"Material","FM0025","Flooring Material","Wooden Flooring","Sq.Ft.",false,18.0,23.0,"Approved",
"Material","FM0050","Flooring Material","Resin & Hardner ( Lapox Powergrip)","Nos",false,18.0,4.0,"Approved",
"Material","FM0154","Flooring Material","MC-ZENTRIVAL HS","Kg",false,18.0,4.0,"Approved",
"Material","FM0183","Flooring Material","R. ECHO OPACO NATURAL (8X4)","NOS",false,18.0,7.0,"Approved",
"Material","FM0013","Flooring Material","600x600 Tiles","Sq.Ft.",false,0.0,23.0,"Approved",
"Material","FM0011","Flooring Material","Tiles Adhesive (20 Kg)","Bags",false,18.0,4.0,"Approved",
"Material","FM0156","Flooring Material","JOINT FILLER COFFEE BROWN","KGS",false,0.0,4.0,"Approved",
"Material","FM0180","Flooring Material","PICCOLO MOSAIC","Sq.Ft.",false,18.0,7.0,"Approved",
"Material","FM0121","Flooring Material","PIGMENT COLOUR","NOS",false,18.0,4.0,"Approved",
"Material","FM0171","Flooring Material","ELEGENT GREY GLOSSY (2X4) - COMMON BASIN DADO","Sq.Ft.",false,18.0,25.0,"Delete",
"Material","FM0006","Flooring Material","Fevikwik 20gm","NOS",false,18.0,4.0,"Approved",
"Material","FM0167","Flooring Material","MAGNUS GRIS MATT (2X2) - WASH AREA","Sq.Ft.",false,18.0,25.0,"Approved",
"Material","FM0170","Flooring Material","ELEGENT GREY MATT (2X4) - CT FLOORING","Sq.Ft.",false,18.0,25.0,"Approved",
"Material","FM0033","Flooring Material","600 x 600 Tiles (Wash Area)","Sq.Ft.",false,0.0,23.0,"Approved",
"Material","FM0143","Flooring Material","600 X 600 TILES FOR M. BEDROOM 1 TOILET FLOOR + DADO ( 601 )","Sq.Ft.",false,18.0,23.0,"Approved",
"Material","FM0124","Flooring Material","1200 X 600 TILES","box",false,18.0,23.0,"Approved",
"Material","FM0169","Flooring Material","BRUCE SILVER MATT (2X4) - MT2 FLOORING","Sq.Ft.",false,18.0,25.0,"Approved",
"Material","FM0168","Flooring Material","BICRZO SILVER MATT (2X4) - MT1 FLOORING","Sq.Ft.",false,18.0,25.0,"Approved",
"Material","FM0029","Flooring Material","601 x 600 Ivory Tiles ( Store Room)","Sq.Ft.",false,0.0,23.0,"Approved",
"Material","FM0037","Flooring Material","600 x 1200 Tiles (CT)","Sq.Ft.",false,18.0,23.0,"Approved",
"Material","FM0024","Flooring Material","600 x 1200 GVT Tiles For Flooring (W.C.)","Sq.Ft.",false,0.0,23.0,"Approved",
"Material","FM0182","Flooring Material","L. ICE MATT (32X64)","NOS",false,18.0,7.0,"Approved",
"Material","FM0036","Flooring Material","601 x 1200 Tiles (MB-3 Attached)","Sq.Ft.",false,0.0,23.0,"Approved",
"Material","FM0166","Flooring Material","ELEGENT GREY GLOSSY (2X4) - CT DADO","Sq.Ft.",false,18.0,25.0,"Approved",
"Material","FM0049","Flooring Material","Tiles Spacer 4mm (100 Nos.)","PKT",false,18.0,4.0,"Approved",
"Material","FM0165","Flooring Material","BRUCE SILVER GLOSSY (2X4) - MT2 DADO","Sq.Ft.",false,18.0,25.0,"Approved",
"Material","FM0186","Flooring Material","100X200 Paver Block (brick)","NOS",false,18.0,23.0,"Approved",
"Material","FM0051","Flooring Material","Tiles Adhesive (30 Kg)","Nos",false,18.0,4.0,"Approved",
"Material","FM0173","Flooring Material","Tiles 32"" x 64""","Sq.Ft.",false,18.0,23.0,"Approved",
"Material","FM0176","Flooring Material","ADHUNIK BROWN GRANITE","Sq.Ft.",false,18.0,7.0,"Approved",
"Material","FM0174","Flooring Material","Resin & Hardner ( Araldite )","Kg",false,18.0,4.0,"Approved",
"Material","FM0185","Flooring Material","100X100 Paver  Block (Cobble)","NOS",false,18.0,23.0,"Approved",
"Material","FM0177","Flooring Material","APRICOT COFFEE ( 150 X 1200 )","Sq.Ft.",false,0.0,4.0,"Approved",
"Material","FM0179","Flooring Material","IVORY GOLD GRANITE","Sq.Ft.",false,18.0,10.0,"Draft",
"Material","FM0181","Flooring Material","L. DOVE MATT (32X64)","NOS",false,18.0,7.0,"Approved",
"Material","FM0161","Flooring Material","600 X 1200 TILES FOR PASSAGE AREA DADO (HARD ROCK BEIGE)","Sq.Ft.",false,18.0,15.0,"Approved",
"Material","FM0117","Flooring Material","600mm X 1200mm Tiles","box",false,18.0,23.0,"Approved",
"Material","FM0164","Flooring Material","BICRZO SILVER GLOSSY (2X4) - MT1 DADO","Sq.Ft.",false,18.0,25.0,"Approved",
"Material","FM0162","Flooring Material","RICA WHITE GLOSSY (2x4) - ALL FLOORING","Sq.Ft.",false,18.0,25.0,"Approved",
"Material","FM0123","Flooring Material","Green Surface Roll","MTR",false,18.0,4.0,"Approved",
"Material","FM0093","Flooring Material","RED STONE (18mm)","Sq.Ft.",false,18.0,23.0,"Approved",
"Material","FM0092","Flooring Material","Paver Block 100mm (Jet Black)","Sq.Ft.",false,18.0,23.0,"Approved",
"Material","FM0091","Flooring Material","Paver Block 100mm ( Rains)","Sq.Ft.",false,18.0,23.0,"Approved",
"Material","FM0090","Flooring Material","Mix Kota","Sq.Ft.",false,0.0,7.0,"Approved",
"Material","FM0104","Flooring Material","KOTA","Sq.Ft.",false,5.0,7.0,"Approved",
"Material","FM0172","Flooring Material","XTRAGRIP ADHESIVE CHEMICAL","Bucket",false,0.0,14.0,"Approved",
"Material","FM0184","Flooring Material","S. AMBER MATT (32X96) (15MM)","NOS",false,18.0,7.0,"Approved",
"Material","FM0089","Flooring Material","600 x 600 Parking Tiles (15mm)","Sq.Ft.",false,0.0,23.0,"Approved",
"Material","FM0088","Flooring Material","Pabble Flooring","Sq.Ft.",false,18.0,23.0,"Approved",
"Material","FM0087","Flooring Material","Tile spacer (leveling clip)","packet",false,18.0,4.0,"Approved",
"Material","FM0085","Flooring Material","Endless Tapue (8 x 4)","Sq.Ft.",false,0.0,4.0,"Approved",
"Material","FM0054","Flooring Material","300 x 600 - Matt Tiles (Glazing)","Sq.Ft.",false,18.0,23.0,"Approved",
"Material","FM0083","Flooring Material","Tiles 8' x 4'","Sq.Ft.",false,18.0,23.0,"Approved",
"Material","FM0045","Flooring Material","1200 x2400 mm Tiles","Sq.Ft.",false,18.0,23.0,"Approved",
"Material","FM0084","Flooring Material","Tiles 32"" x 96""","Sq.Ft.",false,0.0,23.0,"Approved",
"Material","FM0107","Flooring Material","Dark Ivory Pigment","Nos",false,0.0,4.0,"Approved",
"Material","FM0005","Flooring Material","Tiles Cleaner","Ltr",false,0.0,4.0,"Approved",
"Material","FM0082","Flooring Material","Tiles Adhesive ( 50 kg )","Bags",false,0.0,4.0,"Approved",
"Material","FM0175","Flooring Material","HONEY BROWN GRANITE","Sq.Ft.",false,18.0,7.0,"Approved",
"Material","FM0163","Flooring Material","AUORIO LUX GLOSSY (2x4) - KITCHEN DADO","Sq.Ft.",false,18.0,25.0,"Approved",
"Material","FM0119","Flooring Material","China Mosaic Tiles","Sq.Ft.",false,18.0,23.0,"Approved",
"Material","FM0178","Flooring Material","Vestibule Area Tile","Sq.Ft.",false,0.0,15.0,"Approved",
"Material","FM0108","Flooring Material","Dark Coffee Pigment","Nos",false,0.0,4.0,"Approved",
"Material","FM0080","Flooring Material","Floor Protection Sheet (3mm) - 8x4","Sq.Ft.",false,18.0,4.0,"Approved",
"Material","FM0023","Flooring Material","600 x 1200 GVT Tiles For Flooring (Room)","Sq.Ft.",false,0.0,23.0,"Approved",
"Material","FM0122","Flooring Material","Polishing Chemical","Ltr",false,18.0,4.0,"Approved",
"Material","FM0040","Flooring Material","steel grey","Sq.Ft.",false,0.0,23.0,"Approved",
"Material","FM0103","Flooring Material","WASTAGE TILES","Sq.Ft.",false,0.0,23.0,"Approved",
"Material","FM0030","Flooring Material","200 x 1200 GVT Tiles For Balcony","Sq.Ft.",false,0.0,23.0,"Approved",
"Material","FM0125","Flooring Material","300 X 300 Tiles","Sq.Ft.",false,18.0,23.0,"Approved",
"Material","FM0101","Flooring Material","64"" X 32"" TILES","Sq.Ft.",false,18.0,23.0,"Approved",
"Material","FM0100","Flooring Material","1200mm X 600mm TILES","Sq.Ft.",false,18.0,23.0,"Approved",
"Material","FM0019","Flooring Material","Tan Brown Leather Finish (18mm)","Sq.Ft.",false,0.0,23.0,"Approved",
"Material","FM0105","Flooring Material","Tile insert chamber (450mmX900mm)","Nos",false,18.0,7.0,"Approved",
"Material","FM0002","Flooring Material","Glaze Tiles","Sq.Ft.",false,0.0,23.0,"Approved",
"Material","FM0065","Flooring Material","Tiles Adhesive (25 Kg)","Bags",false,18.0,4.0,"Approved",
"Material","FM0001","Flooring Material","Vitrified Tiles","NOS",false,0.0,23.0,"Approved",
"Material","FM0109","Flooring Material","White Pigment","Nos",false,0.0,4.0,"Approved",
"Material","FM0110","Flooring Material","Black Pigment","Nos",false,0.0,4.0,"Approved",
"Material","FM0064","Flooring Material","LAMINATE 1MM VNR ( 7 X 4 )","PCS",false,0.0,7.0,"Approved",
"Material","FM0063","Flooring Material","LAMINATE 1MM VNR","PCS",false,0.0,7.0,"Approved",
"Material","FM0072","Flooring Material","Suri Resin","Lit",false,18.0,4.0,"Approved",
"Material","FM0118","Flooring Material","DESERT BROWN GRANITE","Sq.Ft.",false,18.0,23.0,"Approved",
"Material","FM0071","Flooring Material","12mm POP Sheet","Sq.Ft.",false,18.0,7.0,"Approved",
"Material","FM0106","Flooring Material","Soori - Shiner","Ltr",false,0.0,4.0,"Approved",
"Material","FM0070","Flooring Material","6mm POP Sheet","Sq.Ft.",false,0.0,7.0,"Approved",
"Material","FM0077","Flooring Material","8 x 4 Tiles  Matt","Sq.Ft.",false,0.0,20.0,"Delete",
"Material","FM0012","Flooring Material","600x600 Gvt Tiles","Sq.Ft.",false,0.0,0.0,"Delete",
"Material","FM0044","Flooring Material","aaatttt","Sq.Ft.",false,0.0,0.0,"Delete",
"Material","FM0035","Flooring Material","601 x 1200 Tiles (MB-2 Attached)","Sq.Ft.",false,0.0,23.0,"Approved",
"Material","FM0099","Flooring Material","Protection Film","Nos",false,0.0,4.0,"Approved",
"Material","FM0066","Flooring Material","BLACK COLOUR JOINT FILLER","Kg",false,18.0,4.0,"Approved",
"Material","FM0069","Flooring Material","Tiles Adhasive (40 Kg)","Nos",false,0.0,4.0,"Approved",
"Material","FM0097","Flooring Material","VERDE GREY ( UNPOLISH )","Sq.Ft.",false,18.0,23.0,"Approved",
"Material","FM0016","Flooring Material","Joint Filler","KGS",false,18.0,4.0,"Approved",
"Material","FM0021","Flooring Material","Tiles Spacer 5mm 100 Nos. Packing","packet",false,0.0,4.0,"Approved",
"Material","FM0062","Flooring Material","Ivory Tenex","Nos",false,0.0,4.0,"Approved",
"Material","FM0095","Flooring Material","TILES SPACER CLIP","NOS",false,18.0,4.0,"Approved",
"Material","FM0020","Flooring Material","Tiles Spacer 3mm 100nos Packing","packet",false,0.0,4.0,"Approved",
"Material","FM0094","Flooring Material","TILES SPACER CAP","NOS",false,18.0,4.0,"Approved",
"Material","FM0067","Flooring Material","DARK BROWN COLOUR JOINT FILLER","Kg",false,0.0,4.0,"Approved",
"Material","FM0047","Flooring Material","Laminates","Sq.Ft.",false,0.0,7.0,"Approved",
"Material","FM0059","Flooring Material","TERRACOTTA COLOUR JOINT FILLER","Kg",false,0.0,4.0,"Approved",
"Material","FM0058","Flooring Material","BROWN COLOUR JOINT FILLER","Kg",false,18.0,4.0,"Approved",
"Material","FM0039","Flooring Material","600 x600 Tiles store room","Sq.Ft.",false,0.0,23.0,"Approved",
"Material","FM0041","Flooring Material","Tan Brown","Sq.Ft.",false,18.0,23.0,"Approved",
"Material","FM0038","Flooring Material","600 x 1200 Tiles (C. Wash Basin)","Sq.Ft.",false,0.0,23.0,"Approved",
"Material","FM0014","Flooring Material","Clear Epoxy Adhesive 1.8 kg","NOS",false,0.0,4.0,"Approved",
"Material","FM0017","Flooring Material","Steel Grey Granite","Sq.Ft.",false,18.0,23.0,"Approved",
"Material","FM0055","Flooring Material","Ivory Colour joint filler","Kg",false,18.0,4.0,"Approved",
"Material","FM0139","Flooring Material","TILE CODE 601 (600X600)","Sq.Ft.",false,18.0,23.0,"Approved",
"Material","FM0075","Flooring Material","400 X 400 Tiles (16mm)","Sq.Ft.",false,18.0,23.0,"Approved",
"Material","FM0148","Flooring Material","TAN BROWN LEATHER FINISH (25MM)","Sq.Ft.",false,18.0,23.0,"Approved",
"Material","FM0142","Flooring Material","600 X 600 TILES FOR BED ROOM FLOORING ( 604 )","Sq.Ft.",false,18.0,23.0,"Approved",
"Material","FM0147","Flooring Material","600 X 1200 TILES FOR LIVING / KITCHEN / STORE FLOORING ( 703 )","Sq.Ft.",false,18.0,23.0,"Approved",
"Material","FM0096","Flooring Material","TILES SPACER CLIP (4mm)","NOS",false,18.0,4.0,"Approved",
"Material","FM0061","Flooring Material","IVORY TENAX","NOS",false,0.0,0.0,"Delete",
"Material","FM0060","Flooring Material","CLEAR TENAX","NOS",false,0.0,0.0,"Delete",
"Material","FM0111","Flooring Material","Dark Grey Pigment","Nos",false,0.0,4.0,"Approved",
"Material","FM0158","Flooring Material","600 x 600 Tiles ( Legend sand )","Sq.Ft.",false,0.0,30.0,"Draft",
"Material","FM0102","Flooring Material","Floor Protection Sheet (5.5mm)","Sq.Ft.",false,18.0,4.0,"Approved",
"Material","FM0076","Flooring Material","Paradiso Brown Granite","Sq.Ft.",false,18.0,23.0,"Approved",
"Material","FM0026","Flooring Material","600 x 600 Ivory Tiles ( Wastage)","Sq.Ft.",false,0.0,23.0,"Approved",
"Material","FM0152","Flooring Material","C. TOILET FLOOR + DADO (600 X 1200)","Sq.Ft.",false,18.0,23.0,"Approved",
"Material","FM0150","Flooring Material","M. TOILET 2 FLOOR + DADO (600 X 1200)","Sq.Ft.",false,18.0,23.0,"Approved",
"Material","FM0151","Flooring Material","M. TOILET 3 FLOOR + DADO (600 X 1200)","Sq.Ft.",false,18.0,23.0,"Approved",
"Material","FM0153","Flooring Material","KITCHEN DADO (600 X 1200)","Sq.Ft.",false,18.0,23.0,"Approved",
"Material","FM0003","Flooring Material","Dark Black Granite","Sq.Ft.",false,0.0,23.0,"Approved",
"Material","FM0034","Flooring Material","600 x 1200 Tiles (MB-1 Attached)","Sq.Ft.",false,0.0,23.0,"Approved",
"Material","FM0010","Flooring Material","Adhesive 50gms","NOS",false,0.0,4.0,"Approved",
"Material","FM0032","Flooring Material","600 x 1200 Tiles (Kitchen Dedo)","Sq.Ft.",false,0.0,23.0,"Approved",
"Material","FM0022","Flooring Material","Italian Marble","Sq.Ft.",false,18.0,23.0,"Approved",
"Material","FM0159","Flooring Material","CARPET","NOS",false,5.0,15.0,"Approved",
"Material","FM0046","Flooring Material","Granite","Sq.Ft.",false,18.0,23.0,"Approved",
"Material","FM0009","Flooring Material","Epoxy 1.8kg","NOS",false,0.0,4.0,"Approved",
"Material","FM0068","Flooring Material","M.S Tee Angle 26"" Length 1.5"" Thick","Nos",false,18.0,4.0,"Approved",
"Material","FM0008","Flooring Material","Granite Leather Finishing","Sq.Ft.",false,0.0,23.0,"Approved",
"Material","FM0120","Flooring Material","POLY FIX 555 PU ADHESIVE (4 KG)","Bucket",false,18.0,4.0,"Approved",
"Material","FM0031","Flooring Material","Tiles Adahsive","Bags",false,18.0,4.0,"Approved",
"Material","FM0048","Flooring Material","Tenax Marble Glue 1kg","NOS",false,18.0,4.0,"Approved",
"Material","FM0056","Flooring Material","WHITE COLOUR JOINT FILLER","KGS",false,0.0,4.0,"Approved",
"Material","FM0027","Flooring Material","600 x 600 Ivory Tiles (For Wash Aera)","Sq.Ft.",false,0.0,23.0,"Approved",
"Material","FM0007","Flooring Material","GD Brown Leather Finish (18mm)","Sq.Ft.",false,0.0,23.0,"Approved",
"Material","FM0053","Flooring Material","Lapox Ultrafast 20gms","Nos",false,18.0,4.0,"Approved",
"Material","FM0028","Flooring Material","600 x 600 Ivory Tiles ( Standing Balcony)","Sq.Ft.",false,0.0,23.0,"Approved",
"Material","FM0004","Flooring Material","DC Black Granite","Sq.Ft.",false,0.0,23.0,"Approved",
"Material","FM0112","Flooring Material","8 Layers HPU -500 Cushion Sports Flooring","Sq.Ft.",false,18.0,7.0,"Approved",
"Material","FM0113","Flooring Material","Tile insert chamber (1'x1')","Nos",false,0.0,7.0,"Approved",
"Material","FM0115","Flooring Material","Tile insert chamber (450mmX 450mm)","Nos",false,0.0,7.0,"Approved",
"Material","FM0114","Flooring Material","35 MM ARTIFICIAL GRASS (SUPERSOFT)","Sq.Ft.",false,12.0,7.0,"Approved",
"Material","FM0116","Flooring Material","Cera Fluida","Ltr",false,18.0,4.0,"Approved",
"Material","FM0052","Flooring Material","800 x 2400 Fullbody Tiles (16mm)","Nos",false,18.0,23.0,"Approved",
"Material","FM0098","Flooring Material","200mm X 1200mm Tiles","Sq.Ft.",false,18.0,23.0,"Approved",
"Material","FM0160","Flooring Material","600 X 600 TILES FOR PASSAGE AREA FLOOR (LEGEND SAND)","Sq.Ft.",false,18.0,15.0,"Approved",
"Material","FM0126","Flooring Material","CARPET (FLOOR PROTECTION GUARD)","SQF",false,18.0,4.0,"Approved",
"Material","FM0018","Flooring Material","Superflex White A+B 4 Kg Set","NOS",false,18.0,4.0,"Approved",
"Material","FM0127","Flooring Material","200 X 1200 TILES","box",false,18.0,23.0,"Approved",
"Material","FM0057","Flooring Material","GREY COLOUR JOINT FILLER","Kg",false,18.0,4.0,"Approved",
"Material","FM0149","Flooring Material","M. TOILET 1 FLOOR + DADO (600 X 1200)","Sq.Ft.",false,18.0,23.0,"Approved",
"Material","FM0145","Flooring Material","600 X 600 TILES FOR C. TOILET FLOOR + DADO / KITCHEN DADO / COMMON BASIN DADO ( 514 )","Sq.Ft.",false,18.0,23.0,"Approved",
"Material","FM0146","Flooring Material","600 X 600 TILES FOR WASH AREA FLOOR + DADO / DACK AREA FLOOR ( 520 )","Sq.Ft.",false,18.0,23.0,"Approved",
"Material","FM0043","Flooring Material","Fullbody Tiles","Sq.Ft.",false,0.0,23.0,"Approved",
"Material","FM0128","Flooring Material","1800MM X 1200MM (6' X 4') TILES","SQF",false,18.0,23.0,"Approved",
"Material","FTM0021","Furniture Material","Tubler Lock with Key","NOS",false,0.0,7.0,"Approved",
"Material","FTM0304","Furniture Material","ALDROP LOCK 12""","NOS",false,18.0,7.0,"Approved",
"Material","FTM0085","Furniture Material","6mm Flexible Ply","Sq.Ft.",false,0.0,4.0,"Approved",
"Material","FTM0003","Furniture Material","2"" Rcc Khilla 2kg Packet","packet",false,0.0,4.0,"Approved",
"Material","FTM0305","Furniture Material","NAILS - 1.1/2 X 8   ( 2.5 KG )","PKT",false,0.0,4.0,"Approved",
"Material","FTM0026","Furniture Material","Hinges( Steel Welded) 4"" x 12""","NOS",false,18.0,4.0,"Approved",
"Material","FTM0308","Furniture Material","35mm Laminated Flush Door with hardware","NOS",false,0.0,17.0,"Approved",
"Material","FTM0310","Furniture Material","Wooden Patti ( Valsadi ) 2""  X 1"" X  8'","NOS",false,0.0,4.0,"Approved",
"Material","FTM0306","Furniture Material","KHILLI 14 X 1.25","PKT",false,18.0,7.0,"Approved",
"Material","FTM0309","Furniture Material","30mm Laminated Flush Door with hardware","NOS",false,0.0,17.0,"Approved",
"Material","FTM0024","Furniture Material","HDF Sheet (Plain Exterior)","Sq.Ft.",false,0.0,4.0,"Approved",
"Material","FTM0307","Furniture Material","KHILLI 17 X 1.25","PKT",false,18.0,7.0,"Approved",
"Material","FTM0311","Furniture Material","7"" x 1"" x 8ft WHITE OAK WOOD","Nos",false,18.0,7.0,"Approved",
"Material","FTM0105","Furniture Material","Sofa/Chair","NOS",false,0.0,17.0,"Approved",
"Material","FTM0312","Furniture Material","2.5"" x 0.75"" x 8ft WHITE OAK WOOD","Nos",false,18.0,7.0,"Approved",
"Material","FTM0313","Furniture Material","8"" X 1"" X 8ft WHITE OAK WOOD","Nos",false,18.0,7.0,"Approved",
"Material","FTM0314","Furniture Material","3"" X 0.75"" X 10ft WHITE OAK WOOD","Nos",false,18.0,7.0,"Approved",
"Material","FTM0315","Furniture Material","PLY WOOD 10X4X9MM","Nos",false,18.0,7.0,"Approved",
"Material","FTM0316","Furniture Material","TORRIS BOARD 10X4X25MM","Nos",false,18.0,7.0,"Approved",
"Material","FTM0317","Furniture Material","HINGES 150X50X5MM","PCS",false,18.0,7.0,"Approved",
"Material","FTM0215","Furniture Material","SS Screw 32 x 6","PKT",false,18.0,4.0,"Approved",
"Material","FTM0039","Furniture Material","Khila 14 x 1.25 Kg","packet",false,0.0,4.0,"Approved",
"Material","FTM0023","Furniture Material","120kg Concealed Door Closer","NOS",false,0.0,7.0,"Approved",
"Material","FTM0069","Furniture Material","Hingies 5x12","NOS",false,0.0,4.0,"Approved",
"Material","FTM0226","Furniture Material","ALU. L PATTI (1.5 X 1.5 X 12)","NOS",false,18.0,4.0,"Approved",
"Material","FTM0102","Furniture Material","EAPS ALU Profile","PCS",false,0.0,4.0,"Approved",
"Material","FTM0064","Furniture Material","Screw Csk 60 x 8 SS ( 200 Nos. Pkt)","packet",false,0.0,4.0,"Approved",
"Material","FTM0159","Furniture Material","Wooden Patti ( Valsadi ) 3/4  X  2.1/4  X 8","Nos",false,0.0,4.0,"Approved",
"Material","FTM0029","Furniture Material","Jasti Khila 1.1/2"" (Zink 2.5kg)","packet",false,18.0,4.0,"Approved",
"Material","FTM0236","Furniture Material","Dr. Fixit Fastflex","NOS",false,18.0,4.0,"Approved",
"Material","FTM0219","Furniture Material","CHAIR","Nos",false,18.0,17.0,"Approved",
"Material","FTM0067","Furniture Material","Door Magnet","NOS",false,18.0,4.0,"Approved",
"Material","FTM0220","Furniture Material","BLACK CHAIR","NOS",false,18.0,17.0,"Approved",
"Material","FTM0060","Furniture Material","Plywood 18mm WP","Sq.Ft.",false,0.0,4.0,"Approved",
"Material","FTM0139","Furniture Material","2mm MDF (8x4)","Nos",false,0.0,4.0,"Approved",
"Material","FTM0218","Furniture Material","2 x 1.5 x 12' Aluminium Pipe","Nos",false,0.0,7.0,"Approved",
"Material","FTM0148","Furniture Material","15mm x 75mm SS Screw","PKT",false,0.0,3.0,"Approved",
"Material","FTM0265","Furniture Material","Araldite","Kg",false,0.0,4.0,"Approved",
"Material","FTM0084","Furniture Material","wood","Sq.Ft.",false,0.0,4.0,"Approved",
"Material","FTM0290","Furniture Material","HINGES 4X1/2X3/4  BUTT ACCENT","NOS",false,18.0,4.0,"Approved",
"Material","FTM0228","Furniture Material","18 MM PLY (8X4)","NOS",false,18.0,4.0,"Approved",
"Material","FTM0017","Furniture Material","Door Chain S.S.","NOS",false,0.0,4.0,"Approved",
"Material","FTM0040","Furniture Material","Khila  17 x 1","packet",false,18.0,4.0,"Approved",
"Material","FTM0161","Furniture Material","HDF Sheet ( 10' X 4' )","Nos",false,0.0,4.0,"Approved",
"Material","FTM0133","Furniture Material","Fevicol","Kg",false,18.0,4.0,"Approved",
"Material","FTM0140","Furniture Material","Nail Free Fevicol","NOS",false,18.0,4.0,"Approved",
"Material","FTM0154","Furniture Material","Sofa and sofa chair","Nos",false,18.0,17.0,"Approved",
"Material","FTM0181","Furniture Material","PTA SCREW 25 X 8","NOS",false,0.0,4.0,"Approved",
"Material","FTM0075","Furniture Material","Silicon Clear","NOS",false,18.0,4.0,"Approved",
"Material","FTM0183","Furniture Material","SS SCREW 25 X 6","NOS",false,0.0,4.0,"Approved",
"Material","FTM0186","Furniture Material","Stool","Nos",false,18.0,7.0,"Approved",
"Material","FTM0197","Furniture Material","SILICON","Nos",false,18.0,7.0,"Approved",
"Material","FTM0195","Furniture Material","BIG HOLE","Nos",false,18.0,7.0,"Approved",
"Material","FTM0204","Furniture Material","4"" X 3/4"" L HINGS (25mm)","NOS",false,0.0,4.0,"Approved",
"Material","FTM0253","Furniture Material","SS Screw 19X6","PKT",false,18.0,4.0,"Approved",
"Material","FTM0264","Furniture Material","19mm Ply (8x4)","Sq.Ft.",false,0.0,4.0,"Approved",
"Material","FTM0260","Furniture Material","18"" DRAWER CHANNEL SOFT CLOSE","NOS",false,0.0,4.0,"Draft",
"Material","FTM0266","Furniture Material","10mm X 6"" Screw Bolt","NOS",false,0.0,4.0,"Approved",
"Material","FTM0273","Furniture Material","16mm SS T-Patti","RFT",false,0.0,4.0,"Draft",
"Material","FTM0210","Furniture Material","LAMINATE SHEET (8X4)","NOS",false,0.0,7.0,"Approved",
"Material","FTM0145","Furniture Material","PTA SCREW 60 x 10","PKT",false,18.0,4.0,"Approved",
"Material","FTM0146","Furniture Material","PTA SCREW 50 x 8","PKT",false,18.0,4.0,"Approved",
"Material","FTM0125","Furniture Material","12mm PLY (8x4)","NOS",false,0.0,4.0,"Approved",
"Material","FTM0088","Furniture Material","White Ash Wood","Sq.Ft.",false,0.0,4.0,"Approved",
"Material","FTM0108","Furniture Material","Hinges SS 5x1.5 heavy","NOS",false,0.0,4.0,"Approved",
"Material","FTM0123","Furniture Material","Cylindrical Lock with Key","Nos",false,18.0,7.0,"Approved",
"Material","FTM0093","Furniture Material","Digital Lock","Nos",false,18.0,17.0,"Approved",
"Material","FTM0124","Furniture Material","Cylindrical Lock Without Key","Nos",false,18.0,7.0,"Approved",
"Material","FTM0057","Furniture Material","Patti Alluminium 2x1/2'' 8 ft","Sq.Ft.",false,0.0,4.0,"Approved",
"Material","FTM0083","Furniture Material","Star Screw 60 x 8","NOS",false,0.0,4.0,"Approved",
"Material","FTM0203","Furniture Material","3"" x 1"" x 12' Aluminium Pipe","NOS",false,0.0,4.0,"Approved",
"Material","FTM0206","Furniture Material","AUTO HINGES 25mm","set",false,0.0,7.0,"Approved",
"Material","FTM0205","Furniture Material","4""X3/4"" (19mm) L HINGES","NOS",false,0.0,4.0,"Approved",
"Material","FTM0011","Furniture Material","6mm Plywood","Sq.Ft.",false,0.0,4.0,"Approved",
"Material","FTM0207","Furniture Material","4"" X 3/4"" (25mm) L HINGES","NOS",false,0.0,4.0,"Approved",
"Material","FTM0001","Furniture Material","1.5"" x 1.5"" L Khuniya","packet",false,0.0,4.0,"Approved",
"Material","FTM0091","Furniture Material","Wooden Board","Sq.Ft.",false,0.0,4.0,"Approved",
"Material","FTM0259","Furniture Material","10mm SS T-Patti","RFT",false,0.0,4.0,"Approved",
"Material","FTM0035","Furniture Material","L Khuniya 2 x 2","NOS",false,18.0,4.0,"Approved",
"Material","FTM0258","Furniture Material","M.S. L Corner - 1"" * 1""","NOS",false,0.0,4.0,"Approved",
"Material","FTM0068","Furniture Material","Hingies 4x12","NOS",false,0.0,4.0,"Approved",
"Material","FTM0149","Furniture Material","Wooden Patti 2 X 1/2 X 7.1/2","Nos",false,0.0,7.0,"Approved",
"Material","FTM0053","Furniture Material","Patta SDS 38x8","Sq.Ft.",false,0.0,4.0,"Approved",
"Material","FTM0214","Furniture Material","1"" x 1"" x 5"" Hinges","Nos",false,18.0,4.0,"Approved",
"Material","FTM0131","Furniture Material","PTA Screw 60 x 8","PKT",false,18.0,4.0,"Approved",
"Material","FTM0100","Furniture Material","Vineer","Sq.Ft.",false,0.0,7.0,"Approved",
"Material","FTM0099","Furniture Material","Screw","Nos",false,0.0,4.0,"Approved",
"Material","FTM0022","Furniture Material","Tubler Lock Without Key","NOS",false,0.0,7.0,"Approved",
"Material","FTM0272","Furniture Material","8MM FLEXIBLE PLY (8X4)","NOS",false,18.0,4.0,"Approved",
"Material","FTM0101","Furniture Material","KHILLA 1.1/2""- 2.5KG","NOS",false,0.0,4.0,"Approved",
"Material","FTM0046","Furniture Material","Nuts Zink 5/16 Kg","packet",false,0.0,4.0,"Approved",
"Material","FTM0066","Furniture Material","Screw Patta 32 x 8","Sq.Ft.",false,0.0,4.0,"Approved",
"Material","FTM0115","Furniture Material","Mortice Handle","set",false,18.0,4.0,"Approved",
"Material","FTM0132","Furniture Material","PTA Screw 75 x 10","PKT",false,18.0,4.0,"Approved",
"Material","FTM0097","Furniture Material","Half Cylinder Lock","Nos",false,18.0,7.0,"Approved",
"Material","FTM0107","Furniture Material","Hinges SS 5x1","NOS",false,18.0,4.0,"Approved",
"Material","FTM0065","Furniture Material","Screw Patta 19 x 7","NOS",false,0.0,4.0,"Approved",
"Material","FTM0150","Furniture Material","8mm X 100mm ANCHOR FASTNER SS","NOS",false,0.0,7.0,"Approved",
"Material","FTM0152","Furniture Material","CONCEALED DOOR CLOSER","NOS",false,18.0,7.0,"Approved",
"Material","FTM0044","Furniture Material","Khila 14 x 2.0","packet",false,0.0,4.0,"Approved",
"Material","FTM0007","Furniture Material","30mm Plain Door","Sq.Ft.",false,18.0,17.0,"Approved",
"Material","FTM0032","Furniture Material","L Khuniya 1.5x1.0 (40mm x 25mm)","NOS",false,0.0,4.0,"Approved",
"Material","FTM0012","Furniture Material","Brass Round Keyhole Cover","NOS",false,0.0,4.0,"Approved",
"Material","FTM0257","Furniture Material","4"" X 1/2"" X 12' ALUMINIUM PIPE","NOS",false,18.0,4.0,"Approved",
"Material","FTM0213","Furniture Material","1.1/2"" x 4"" Hinges","Nos",false,18.0,4.0,"Approved",
"Material","FTM0211","Furniture Material","CLEAR TENEX","NOS",false,18.0,7.0,"Approved",
"Material","FTM0010","Furniture Material","Aluminium Pipe","KGS",false,0.0,4.0,"Approved",
"Material","FTM0090","Furniture Material","Wood Barma Border","cft",false,0.0,4.0,"Approved",
"Material","FTM0005","Furniture Material","3"" Screw PTA","packet",false,0.0,4.0,"Approved",
"Material","FTM0256","Furniture Material","4"" X 1"" X 12' ALUMINIUM PIPE","NOS",false,18.0,4.0,"Approved",
"Material","FTM0163","Furniture Material","PTA SCREW  32 X 8","PKT",false,0.0,4.0,"Approved",
"Material","FTM0113","Furniture Material","Khila 17 x 1.25 : 2.5 kg","packet",false,0.0,4.0,"Approved",
"Material","FTM0151","Furniture Material","8mm X 100mm ANCHOR FASTNER MS","NOS",false,0.0,7.0,"Approved",
"Material","FTM0089","Furniture Material","Buffer Datta 3""","Nos",false,18.0,4.0,"Approved",
"Material","FTM0054","Furniture Material","Patta SDS 50 x 8","Sq.Ft.",false,0.0,4.0,"Approved",
"Material","FTM0173","Furniture Material","Eco Series cabin Table","Nos",false,18.0,17.0,"Approved",
"Material","FTM0072","Furniture Material","S.S. Screw 32x8 Star","NOS",false,18.0,4.0,"Approved",
"Material","FTM0103","Furniture Material","Film","Sq.Ft.",false,0.0,4.0,"Approved",
"Material","FTM0153","Furniture Material","Eurus chair","Nos",false,18.0,17.0,"Approved",
"Material","FTM0077","Furniture Material","S.S. Screw Head 19x6","NOS",false,0.0,4.0,"Approved",
"Material","FTM0018","Furniture Material","EKEY 003","NOS",false,0.0,4.0,"Approved",
"Material","FTM0114","Furniture Material","30mm Pinewood Doow","Sq.Ft.",false,0.0,17.0,"Approved",
"Material","FTM0177","Furniture Material","6mm HDF Sheet","Sq.Ft.",false,0.0,4.0,"Approved",
"Material","FTM0234","Furniture Material","45mm x 6"" HINGE","NOS",false,18.0,4.0,"Approved",
"Material","FTM0235","Furniture Material","32MM X 6"" HINGE","NOS",false,18.0,4.0,"Approved",
"Material","FTM0043","Furniture Material","Khila 2.0 x 1.2 Kg","KGS",false,0.0,4.0,"Approved",
"Material","FTM0179","Furniture Material","Acoustic Sheet (4'x8')","Nos",false,18.0,7.0,"Approved",
"Material","FTM0178","Furniture Material","9mm MDF Sheet (basic)","Sq.Ft.",false,0.0,4.0,"Approved",
"Material","FTM0080","Furniture Material","S.S. Welded 4""x12 Hingies","NOS",false,18.0,4.0,"Approved",
"Material","FTM0270","Furniture Material","Wooden Patti (Valsadi) - 2"" * 3/4"" * 7'","NOS",false,0.0,4.0,"Approved",
"Material","FTM0008","Furniture Material","35mm Pinewood Door","Sq.Ft.",false,18.0,17.0,"Approved",
"Material","FTM0110","Furniture Material","Plywood 4mm WP","Sq.Ft.",false,0.0,4.0,"Approved",
"Material","FTM0030","Furniture Material","Jasti Khila Zink 2"" (2.5 Kg)","packet",false,18.0,4.0,"Approved",
"Material","FTM0086","Furniture Material","Wall Plug 10 x 50 (1 Pkt = 50nos)","packet",false,18.0,4.0,"Approved",
"Material","FTM0058","Furniture Material","Plank Polystrene Panel ( Teakwood Finish)","Sq.Ft.",false,0.0,4.0,"Approved",
"Material","FTM0076","Furniture Material","S.S. Screw 32 x 8","NOS",false,0.0,4.0,"Approved",
"Material","FTM0237","Furniture Material","VENEER (4'X10')","NOS",false,18.0,7.0,"Approved",
"Material","FTM0081","Furniture Material","S.S. Welded 5"" X12 Hingies","NOS",false,18.0,4.0,"Approved",
"Material","FTM0238","Furniture Material","35MM LAMINATED PINEWOOD DOOR","Sq.Ft.",false,18.0,17.0,"Approved",
"Material","FTM0082","Furniture Material","Star Screw 50 x 8","NOS",false,0.0,4.0,"Approved",
"Material","FTM0031","Furniture Material","Jasti Khila Zink 3""","packet",false,18.0,4.0,"Approved",
"Material","FTM0229","Furniture Material","KHILLI 12 X 2","KGS",false,18.0,4.0,"Approved",
"Material","FTM0062","Furniture Material","Screw Csk 32 x 8 SS (500 Nos. Pkt)","packet",false,0.0,4.0,"Approved",
"Material","FTM0239","Furniture Material","Khilli 17x3/4","NOS",false,18.0,4.0,"Approved",
"Material","FTM0170","Furniture Material","BLANCO SET (2+1+1+CT)","NOS",false,18.0,7.0,"Approved",
"Material","FTM0269","Furniture Material","Wooden Patti (Valsadi) - 1"" * 1/2"" * 7'","NOS",false,0.0,4.0,"Approved",
"Material","FTM0063","Furniture Material","Screw CSK 38 x 8 SS (500 Nos Pkt) Nos","packet",false,18.0,4.0,"Approved",
"Material","FTM0241","Furniture Material","HDF sheet 4mm (10x4)","NOS",false,18.0,4.0,"Approved",
"Material","FTM0240","Furniture Material","HDF sheet 12mm (8x4)","NOS",false,18.0,4.0,"Approved",
"Material","FTM0242","Furniture Material","Roller lock body","NOS",false,18.0,7.0,"Draft",
"Material","FTM0252","Furniture Material","J Type Handle","Nos",false,18.0,7.0,"Approved",
"Material","FTM0116","Furniture Material","Mortice Lock Body","Nos",false,0.0,7.0,"Approved",
"Material","FTM0230","Furniture Material","KHILLI 1 4X 2","KGS",false,18.0,4.0,"Approved",
"Material","FTM0167","Furniture Material","L and  Key lock (38mm)","Nos",false,0.0,7.0,"Approved",
"Material","FTM0231","Furniture Material","KHILLI 17 X 1.1/2","KGS",false,18.0,4.0,"Approved",
"Material","FTM0061","Furniture Material","Pvc Door Magnet Ivory No.5","Sq.Ft.",false,0.0,4.0,"Approved",
"Material","FTM0106","Furniture Material","Rose Door Handle","Nos",false,18.0,4.0,"Approved",
"Material","FTM0028","Furniture Material","Clamp 3''","NOS",false,0.0,4.0,"Approved",
"Material","FTM0143","Furniture Material","HDF SHEET 4mm  (8X4)","NOS",false,0.0,4.0,"Approved",
"Material","FTM0174","Furniture Material","Meeting Table","Nos",false,18.0,17.0,"Approved",
"Material","FTM0156","Furniture Material","Ms stand with white ash","Nos",false,18.0,17.0,"Approved",
"Material","FTM0251","Furniture Material","Cylinder Lock cap","Nos",false,18.0,7.0,"Approved",
"Material","FTM0208","Furniture Material","3/4 ABRO TAPE","NOS",false,0.0,7.0,"Approved",
"Material","FTM0212","Furniture Material","MASKING TAPE","NOS",false,18.0,7.0,"Approved",
"Material","FTM0092","Furniture Material","Patta 25 x 7","RFT",false,0.0,4.0,"Approved",
"Material","FTM0250","Furniture Material","W HINGES (Brass)","NOS",false,18.0,4.0,"Approved",
"Material","FTM0249","Furniture Material","CELING LOCK","NOS",false,18.0,7.0,"Approved",
"Material","FTM0248","Furniture Material","Quadro Channel","NOS",false,18.0,7.0,"Approved",
"Material","FTM0247","Furniture Material","TELESCOPIC CHANNEL","NOS",false,18.0,7.0,"Approved",
"Material","FTM0104","Furniture Material","Roller Blind","Sq.Ft.",false,0.0,7.0,"Approved",
"Material","FTM0268","Furniture Material","22 MM EDGE BEND - 50 METER ROLL","NOS",false,0.0,7.0,"Approved",
"Material","FTM0224","Furniture Material","Wall Plug 8 X 50","PKT",false,18.0,7.0,"Approved",
"Material","FTM0049","Furniture Material","Patra Heavy 6''","NOS",false,0.0,7.0,"Approved",
"Material","FTM0034","Furniture Material","L Khuniya 1 x 1 (25mmx25mm)","NOS",false,18.0,4.0,"Approved",
"Material","FTM0015","Furniture Material","Laminate Brown","NOS",false,0.0,7.0,"Approved",
"Material","FTM0243","Furniture Material","Full Cylinder Lock Wothout Key","Nos",false,18.0,7.0,"Approved",
"Material","FTM0244","Furniture Material","Half Cylinder Lock Without Key","Nos",false,18.0,7.0,"Approved",
"Material","FTM0020","Furniture Material","Fevicol Express 500gms","NOS",false,0.0,4.0,"Approved",
"Material","FTM0246","Furniture Material","AUTO HINGE 12MM","set",false,18.0,7.0,"Approved",
"Material","FTM0245","Furniture Material","FLUSH DOOR","Sq.Ft.",false,18.0,17.0,"Approved",
"Material","FTM0059","Furniture Material","Plywood 12mm Wp","Sq.Ft.",false,0.0,4.0,"Approved",
"Material","FTM0094","Furniture Material","Dead Lock","Nos",false,0.0,7.0,"Approved",
"Material","FTM0118","Furniture Material","Digital Door Lock ( Left/ Right)","Nos",false,0.0,17.0,"Approved",
"Material","FTM0038","Furniture Material","Megnet D2","NOS",false,0.0,4.0,"Approved",
"Material","FTM0047","Furniture Material","Patra 2""","NOS",false,0.0,7.0,"Approved",
"Material","FTM0168","Furniture Material","Marine coat","Kg",false,0.0,7.0,"Approved",
"Material","FTM0180","Furniture Material","L khuniya 2.1/2 X 2","NOS",false,0.0,7.0,"Approved",
"Material","FTM0073","Furniture Material","Ss Screw 50x8 Star","NOS",false,18.0,4.0,"Approved",
"Material","FTM0096","Furniture Material","Mortiselock","Nos",false,18.0,7.0,"Approved",
"Material","FTM0184","Furniture Material","SUNMICA SHEET","NOS",false,0.0,7.0,"Approved",
"Material","FTM0171","Furniture Material","HONEY LOUNGER","NOS",false,18.0,7.0,"Approved",
"Material","FTM0055","Furniture Material","Patta Sds 65x7","Sq.Ft.",false,0.0,4.0,"Approved",
"Material","FTM0185","Furniture Material","MDF 4'x8' 6mm","Sq.Ft.",false,0.0,4.0,"Approved",
"Material","FTM0126","Furniture Material","2mm HDF","NOS",false,0.0,4.0,"Approved",
"Material","FTM0227","Furniture Material","C-TYPE HANDLE","NOS",false,18.0,4.0,"Approved",
"Material","FTM0112","Furniture Material","Khila 14 x 1.5 Kg","KGS",false,18.0,4.0,"Approved",
"Material","FTM0117","Furniture Material","Bathroom Cylinder Lock","Nos",false,18.0,7.0,"Approved",
"Material","FTM0223","Furniture Material","Cylinder Lock With Key","Nos",false,18.0,7.0,"Approved",
"Material","FTM0087","Furniture Material","Wall Plug 12 x 50 mm","NOS",false,18.0,4.0,"Approved",
"Material","FTM0160","Furniture Material","Inside Laminate","Nos",false,18.0,7.0,"Approved",
"Material","FTM0134","Furniture Material","2mm Green Panel (10 x 4)","Nos",false,0.0,4.0,"Approved",
"Material","FTM0135","Furniture Material","Khilli 14 x 1.1/2","PKT",false,18.0,4.0,"Approved",
"Material","FTM0127","Furniture Material","L Khuniya 2 x 1","NOS",false,18.0,4.0,"Approved",
"Material","FTM0027","Furniture Material","Hinges( Steel Welded) 5"" x 12""","NOS",false,18.0,4.0,"Approved",
"Material","FTM0111","Furniture Material","Fevicol Marin 10 kg","NOS",false,18.0,4.0,"Approved",
"Material","FTM0217","Furniture Material","Khilli 17 x1","Kg",false,0.0,4.0,"Approved",
"Material","FTM0216","Furniture Material","1.1/4"" x 4"" Hinges","Nos",false,18.0,4.0,"Approved",
"Material","FTM0157","Furniture Material","Wooden corner table  Round NO","Nos",false,18.0,17.0,"Approved",
"Material","FTM0079","Furniture Material","Ss Scrue19x6 PH","NOS",false,0.0,4.0,"Approved",
"Material","FTM0013","Furniture Material","Anchor Fastner (60x10)","NOS",false,0.0,7.0,"Approved",
"Material","FTM0138","Furniture Material","2 x 1.1/2 x 12' Aluminium pipe","Nos",false,18.0,4.0,"Approved",
"Material","FTM0137","Furniture Material","Abro Tape","PKT",false,18.0,4.0,"Approved",
"Material","FTM0267","Furniture Material","12mm MDF (8x4)","Sq.Ft.",false,0.0,4.0,"Approved",
"Material","FTM0033","Furniture Material","L Khuniya 1.5 x 1.5 (40mm x 40mm)","NOS",false,18.0,4.0,"Approved",
"Material","FTM0136","Furniture Material","Khilli 19 x 3/4","PKT",false,18.0,4.0,"Approved",
"Material","FTM0175","Furniture Material","Non Sharing Workstation","Nos",false,18.0,17.0,"Approved",
"Material","FTM0006","Furniture Material","30mm Laminated Pinewood Door","Sq.Ft.",false,18.0,17.0,"Approved",
"Material","FTM0109","Furniture Material","Bluecoat D3 Max 10 kg","NOS",false,0.0,4.0,"Approved",
"Material","FTM0004","Furniture Material","2.5'x6.5'  Rcc Door Frame","Sq.Ft.",false,0.0,7.0,"Approved",
"Material","FTM0056","Furniture Material","Patta SDS 75 x 10","NOS",false,0.0,4.0,"Approved",
"Material","FTM0221","Furniture Material","DOOR HANDLE","NOS",false,18.0,4.0,"Approved",
"Material","FTM0164","Furniture Material","PTA SCREW 45 X 8","PKT",false,0.0,4.0,"Approved",
"Material","FTM0165","Furniture Material","VENEER (8X4)","Sq.Ft.",false,0.0,7.0,"Approved",
"Material","FTM0233","Furniture Material","8 MM PLY  ( 8 X 4 )","NOS",false,18.0,4.0,"Approved",
"Material","FTM0166","Furniture Material","L hinges 4""x1""(19mm)","Nos",false,0.0,4.0,"Approved",
"Material","FTM0016","Furniture Material","Ply 8x4","Sq.Ft.",false,0.0,4.0,"Approved",
"Material","FTM0071","Furniture Material","Ss Screw 19x6 Star","NOS",false,0.0,4.0,"Approved",
"Material","FTM0048","Furniture Material","Patra 4''","NOS",false,0.0,4.0,"Approved",
"Material","FTM0014","Furniture Material","Adhesive 25kgs","Bags",false,0.0,4.0,"Approved",
"Material","FTM0095","Furniture Material","35mm Laminated Flush Door","Sq.Ft.",false,18.0,17.0,"Approved",
"Material","FTM0187","Furniture Material","ENTRANCE FOYER WING - A","PCS",false,18.0,17.0,"Approved",
"Material","FTM0189","Furniture Material","ENTRANCE FOYER WING - B","PCS",false,18.0,17.0,"Approved",
"Material","FTM0190","Furniture Material","ENTRANCE FOYER WING - C","PCS",false,18.0,17.0,"Approved",
"Material","FTM0188","Furniture Material","ENTRANCE FOYER WING - D","PCS",false,18.0,17.0,"Approved",
"Material","FTM0119","Furniture Material","Mortise Body","Nos",false,18.0,7.0,"Approved",
"Material","FTM0232","Furniture Material","2 X 1 X 12' ALUMINIUM PIPE","NOS",false,18.0,4.0,"Approved",
"Material","FTM0121","Furniture Material","Keyhole Round SS","set",false,18.0,7.0,"Approved",
"Material","FTM0172","Furniture Material","8mm MDF sheet (basic)","Nos",false,18.0,4.0,"Approved",
"Material","FTM0128","Furniture Material","PTA Screw 19 x 7","PKT",false,18.0,4.0,"Approved",
"Material","FTM0191","Furniture Material","DECK 1 WALL ELEVATION A (CANVAS PRINT)","PCS",false,18.0,17.0,"Approved",
"Material","FTM0192","Furniture Material","DECK 2 WALL ELEVATION A (CANVAS PRINT)","PCS",false,18.0,17.0,"Approved",
"Material","FTM0182","Furniture Material","SS SCREW 38 X 8","NOS",false,0.0,4.0,"Approved",
"Material","FTM0176","Furniture Material","Storage Unit","Nos",false,18.0,17.0,"Approved",
"Material","FTM0193","Furniture Material","5mm NICKLE MIRROR","Nos",false,18.0,17.0,"Approved",
"Material","FTM0194","Furniture Material","5mm EXTRA CLEAR MIRROR","Nos",false,18.0,17.0,"Approved",
"Material","FTM0196","Furniture Material","CEP","Nos",false,18.0,7.0,"Approved",
"Material","FTM0198","Furniture Material","DOUBLE GUM TAPE","Nos",false,18.0,7.0,"Approved",
"Material","FTM0078","Furniture Material","S.S. Screw Head 50x8","NOS",false,0.0,4.0,"Approved",
"Material","FTM0045","Furniture Material","Door L-Lock","NOS",false,0.0,7.0,"Approved",
"Material","FTM0199","Furniture Material","5mm BROWN MIROR","NOS",false,18.0,17.0,"Approved",
"Material","FTM0050","Furniture Material","Patra Heavy 8''","NOS",false,0.0,7.0,"Approved",
"Material","FTM0141","Furniture Material","1 x 2 Aluminium pipe","Nos",false,18.0,4.0,"Approved",
"Material","FTM0255","Furniture Material","SS SCREW 13X6","PCS",false,18.0,4.0,"Approved",
"Material","FTM0122","Furniture Material","H Handle 1112","pairs",false,18.0,7.0,"Approved",
"Material","FTM0129","Furniture Material","PTA Screw 25 x 7","PKT",false,18.0,4.0,"Approved",
"Material","FTM0271","Furniture Material","Wooden Patti (Valsadi) - 3"" * 1"" * 7'","NOS",false,0.0,4.0,"Approved",
"Material","FTM0144","Furniture Material","L khuniya 1 1/2"" X 2 ""","NOS",false,0.0,7.0,"Approved",
"Material","FTM0042","Furniture Material","Khila 19 x 0.75 : 2.5 kg","packet",false,18.0,4.0,"Approved",
"Material","FTM0254","Furniture Material","KHILLA 17X0.75""","KGS",false,18.0,4.0,"Approved",
"Material","FTM0120","Furniture Material","60mm Knob x Key Cylinder","Nos",false,18.0,4.0,"Approved",
"Material","FTM0158","Furniture Material","Wooden Patti ( Valsadi ) 1.1/4  X  1.1/2  X  8","Nos",false,0.0,4.0,"Approved",
"Material","FTM0037","Furniture Material","MDF 4mm WP Exterior","Sq.Ft.",false,0.0,4.0,"Approved",
"Material","FTM0051","Furniture Material","Patta SDS 100 x 10","Sq.Ft.",false,0.0,4.0,"Approved",
"Material","FTM0222","Furniture Material","KNOB","NOS",false,18.0,4.0,"Approved",
"Material","FTM0200","Furniture Material","Ezze spray","Nos",false,18.0,4.0,"Approved",
"Material","FTM0201","Furniture Material","2""X2""X12' ALUMINIUM PIPE","NOS",false,0.0,4.0,"Approved",
"Material","FTM0130","Furniture Material","PTA Screw 35 x 7","PKT",false,18.0,4.0,"Approved",
"Material","FTM0202","Furniture Material","100 X 8 PTA SCREW","PKT",false,0.0,4.0,"Approved",
"Material","FTM0162","Furniture Material","PTA SCREW 100 X 10","PKT",false,0.0,4.0,"Approved",
"Material","FTM0019","Furniture Material","Glass Door Handle","NOS",false,0.0,4.0,"Approved",
"Material","FTM0263","Furniture Material","ACP Sheet","Sq.Ft.",false,0.0,4.0,"Approved",
"Material","FTM0052","Furniture Material","Patta SDS 32 x 8","NOS",false,0.0,4.0,"Approved",
"Material","FTM0142","Furniture Material","FEVIBOND","NOS",false,18.0,4.0,"Approved",
"Material","FTM0009","Furniture Material","35mm Pinewood Laminated Door","Sq.Ft.",true,0.0,17.0,"Approved",
"Material","FTM0225","Furniture Material","BLUE PE FOAM TAPE","NOS",false,18.0,7.0,"Approved",
"Material","FTM0169","Furniture Material","BLANCO SET (3+1+1+CT)","NOS",false,18.0,7.0,"Approved",
"Material","FTM0074","Furniture Material","White Buffer Dutta 3""","NOS",false,18.0,4.0,"Approved",
"Material","FTM0070","Furniture Material","Pvc Wall Plug 50x12","NOS",false,0.0,4.0,"Approved",
"Material","FTM0041","Furniture Material","Khila  17 X1.25","packet",false,0.0,4.0,"Approved",
"Material","FTM0209","Furniture Material","CASTOR WHEEL 1"" 25MM","NOS",false,18.0,7.0,"Approved",
"Material","FTM0036","Furniture Material","Mcb Channel Patti 8ft.","RFT",false,0.0,4.0,"Approved",
"Material","FTM0262","Furniture Material","Hinges 3.5mm 1.1/4x1.1/4x5"",","NOS",false,0.0,4.0,"Draft",
"Material","FTM0261","Furniture Material","1/2"" PVC BUFFER DATTA (1"" DIA.)","NOS",false,0.0,4.0,"Draft",
"Material","FTM0147","Furniture Material","PTA SCREW 38 x 8","PKT",false,18.0,4.0,"Approved",
"Material","FTM0155","Furniture Material","Bombino chair","Nos",false,18.0,17.0,"Approved",
"Material","FTM0002","Furniture Material","18mm Waterproof Ply 8 x 4","Sq.Ft.",false,0.0,4.0,"Approved",
"Material","FTM0098","Furniture Material","Hinges (5 x 38)","Nos",false,0.0,4.0,"Approved",
"Material","FTM0274","Furniture Material","1"" x 1"" x 3"" Hinges","NOS",false,18.0,4.0,"Approved",
"Material","FTM0275","Furniture Material","PLASTIC WALL PLUG 12X50","PKT",false,18.0,7.0,"Approved",
"Material","FTM0277","Furniture Material","TELESCOPIC DITOX","NOS",false,18.0,7.0,"Approved",
"Material","FTM0278","Furniture Material","PTA Screw 13 X 7","PCS",false,18.0,4.0,"Approved",
"Material","FTM0276","Furniture Material","PLASTIC WALL PLUG 10X50","PKT",false,18.0,7.0,"Approved",
"Material","FTM0025","Furniture Material","Hinges SS 4 x 1","NOS",false,18.0,4.0,"Approved",
"Material","FTM0279","Furniture Material","Ss Screw 13X4 Star","PCS",false,18.0,4.0,"Approved",
"Material","FTM0287","Furniture Material","AUTO HINGES 8X12 MM","NOS",false,18.0,7.0,"Approved",
"Material","FTM0280","Furniture Material","Ss Screw 25X4 Star","PCS",false,18.0,4.0,"Approved",
"Material","FTM0283","Furniture Material","HINGES 4X3 / 4X12 MM L ACCENT","PCS",false,18.0,4.0,"Approved",
"Material","FTM0281","Furniture Material","AUTO HINGES 15X6 MM","PCS",false,18.0,4.0,"Approved",
"Material","FTM0282","Furniture Material","AUTO HINGES 0X19 MM","PCS",false,18.0,7.0,"Approved",
"Material","FTM0288","Furniture Material","AUTO HINGES 16X6MM","NOS",false,18.0,7.0,"Draft",
"Material","FTM0284","Furniture Material","HINGES 4X3 / 4X6 MM  L ACCENT","PCS",false,18.0,4.0,"Approved",
"Material","FTM0286","Furniture Material","FEVICOL EZEE SPREY 383GM","NOS",false,18.0,4.0,"Approved",
"Material","FTM0285","Furniture Material","HINGES 4X3 / 4X19 MM  L ACCENT","PCS",false,18.0,4.0,"Approved",
"Material","FTM0289","Furniture Material","HINGES 4X3/4X3/4X3/32 BUTT ACCENT","NOS",false,18.0,4.0,"Approved",
"Material","FTM0291","Furniture Material","SIDE TABLE","NOS",false,18.0,17.0,"Approved",
"Material","FTM0292","Furniture Material","50X10 SS SCREW","PCS",false,18.0,4.0,"Approved",
"Material","FTM0297","Furniture Material","EDGE HANDEL 1501 BLACK 300MM 12""","PCS",false,0.0,4.0,"Approved",
"Material","FTM0293","Furniture Material","EDGE HANDEL 1501 BLACK 450MM 18""","PCS",false,0.0,4.0,"Approved",
"Material","FTM0296","Furniture Material","EDGE HANDEL 1501 BLACK 500MM 20 ""","PCS",false,0.0,4.0,"Approved",
"Material","FTM0295","Furniture Material","EDGE HANDEL 1101 BLACK 700MM 28""","PCS",false,0.0,4.0,"Approved",
"Material","FTM0294","Furniture Material","EDGE HANDEL 1501 BLACK 400MM 16""","PCS",false,0.0,4.0,"Approved",
"Material","FTM0298","Furniture Material","ROAP BOTOM","set",false,0.0,4.0,"Approved",
"Material","FTM0299","Furniture Material","GI WIRE 02MM","MTR",false,0.0,4.0,"Approved",
"Material","FTM0300","Furniture Material","PTA SCREW 40 X 8","NOS",false,0.0,4.0,"Approved",
"Material","FTM0301","Furniture Material","SS HINGES 5 x 1.1/4"" (2.5MM)","NOS",false,0.0,4.0,"Approved",
"Material","FTM0302","Furniture Material","PVC WALL PLUG 35 * 8 MM","PKT",false,0.0,4.0,"Approved",
"Material","FTM0303","Furniture Material","SCREW MIRROR CAP 12MM","NOS",false,18.0,4.0,"Approved",
"Material","FTM0318","Furniture Material","MDF SHEET","Sq.Ft.",false,0.0,6.0,"Approved",
"Material","GM0001","Glass Material","100mm Extra Clear Glass","Sq.Ft.",false,0.0,17.0,"Approved",
"Material","GM0002","Glass Material","12mm Clear Toughened","Sq.Ft.",false,0.0,17.0,"Approved",
"Material","GM0003","Glass Material","12mm  tintad Toughened","Sq.Ft.",false,0.0,17.0,"Approved",
"Material","GM0004","Glass Material","6mm Extra Clear Glass","Sq.Ft.",false,0.0,17.0,"Approved",
"Material","GM0006","Glass Material","12 MM CLEAR GLASS","Sq.Ft.",false,18.0,14.0,"Approved",
"Material","GM0005","Glass Material","8mm Clear Toughened","Sq.Ft.",false,18.0,14.0,"Approved",
"Material","GM0007","Glass Material","Fhhs 3080 Combo Black Matt","sqm",false,0.0,7.0,"Approved",
"Material","GYM0007","Gym Equipment","DUAL LAT PULLDOWN / SEATED ROW MACHINE","NOS",false,18.0,30.0,"Approved",
"Material","GYM0008","Gym Equipment","DUAL LEG CURL/LEG EXTENSION MACHINE","NOS",false,18.0,30.0,"Approved",
"Material","GYM0010","Gym Equipment","COMMERCIAL ADJUSTABLE FLAT INCLINE DECLINE BENCH","NOS",false,18.0,30.0,"Approved",
"Material","GYM0016","Gym Equipment","CHROME PLATED OLYMPIC ROD EZ STYLE","NOS",false,18.0,30.0,"Approved",
"Material","GYM0003","Gym Equipment","RECUMBENT BIKE","NOS",false,18.0,30.0,"Approved",
"Material","GYM0004","Gym Equipment","SPIN BIKE","NOS",false,18.0,30.0,"Approved",
"Material","GYM0002","Gym Equipment","CROSS TRAINER","NOS",false,18.0,30.0,"Approved",
"Material","GYM0001","Gym Equipment","TREADMILL","NOS",false,18.0,30.0,"Approved",
"Material","GYM0015","Gym Equipment","CHROME PLATED OLYMPIC RODS","FT",false,18.0,30.0,"Approved",
"Material","GYM0017","Gym Equipment","Gym Equipments","Lumpsum",false,0.0,30.0,"Approved",
"Material","GYM0011","Gym Equipment","OLYMPIC PLATE TREE WITH ROD HOLDER","NOS",false,18.0,30.0,"Approved",
"Material","GYM0006","Gym Equipment","DUAL MULTI PRESS MACHINE","NOS",false,18.0,30.0,"Approved",
"Material","GYM0009","Gym Equipment","FLAT BENCH PRESS WITH FLAT OVAL STEEL TUBE CONSTRUCTION","NOS",false,18.0,30.0,"Approved",
"Material","GYM0013","Gym Equipment","HEXAGONAL DUMBBELLS 2.5 KGS TO 20 KGS","KGS",false,18.0,30.0,"Approved",
"Material","GYM0012","Gym Equipment","2 TIER 10 PAIR DUMBBELL RACK WITH HEAVY DUTY OVAL STEEL PIPE","NOS",false,18.0,30.0,"Approved",
"Material","GYM0005","Gym Equipment","DUAL PEC FLY/REAR DELT MACHINE","NOS",false,18.0,30.0,"Approved",
"Material","GYM0014","Gym Equipment","50mm DIA HOLE PLATES","KGS",false,18.0,30.0,"Approved",
"Service","LE0011","Labour Service","Plumbing Work","Lumpsum",false,0.0,0.0,"Approved",
"Service","LE0018","Labour Service","WALL CUTTING WORK","Lumpsum",false,18.0,0.0,"Approved",
"Service","LE0008","Labour Service","Chicken mesh fixing work ( Pipe Joints )","RFT",false,0.0,0.0,"Approved",
"Service","LE0003","Labour Service","Slab conduct. work","FLAT",false,0.0,0.0,"Approved",
"Service","LE0005","Labour Service","Plaster Work - Internal Single Coat","Sq.Ft.",false,0.0,0.0,"Approved",
"Service","LE0009","Labour Service","Texture Work","Sq.Ft.",false,0.0,0.0,"Approved",
"Service","LE0007","Labour Service","External vata, Groove, Tapak work","RFT",false,0.0,0.0,"Approved",
"Service","LE0015","Labour Service","Depart Labour","Lumpsum",false,0.0,0.0,"Approved",
"Service","LE0006","Labour Service","Plaster work - External Double Coat","Sq.Ft.",false,0.0,0.0,"Approved",
"Service","LE0004","Labour Service","Masonry Work","Sq.Ft.",false,0.0,0.0,"Approved",
"Service","LE0012","Labour Service","Electrical Work","Lumpsum",false,0.0,0.0,"Approved",
"Service","LE0002","Labour Service","Unskilled Labour","Nos",false,0.0,0.0,"Approved",
"Service","LE0014","Labour Service","Water Proofing work","Sq.Ft.",false,0.0,0.0,"Approved",
"Service","LE0013","Labour Service","Colour Work","Sq.Ft.",false,18.0,0.0,"Approved",
"Service","LE0001","Labour Service","Skilled Labour","Day",false,0.0,1.0,"Approved",
"Service","LE0010","Labour Service","Providing & Fixing of PPGI Sheet","Sq.Ft.",false,18.0,0.0,"Approved",
"Service","LE0019","Labour Service","FURNITURE WORK","Lumpsum",false,0.0,0.0,"Approved",
"Service","LE0020","Labour Service","DG RENT","Lumpsum",false,0.0,0.0,"Approved",
"Service","LE0016","Labour Service","Labour Work","Lumpsum",false,18.0,0.0,"Approved",
"Service","LE0017","Labour Service","BREAKER WORK","TRIP",false,18.0,0.0,"Approved",
"Service","LHW0007","Landscape & Hardscape work","Pathway work","Sq.Ft.",false,0.0,0.0,"Approved",
"Service","LHW0009","Landscape & Hardscape work","Stepping Stone work","Sq.Ft.",false,0.0,0.0,"Approved",
"Service","LHW0006","Landscape & Hardscape work","Deck Floor work","Sq.Ft.",false,0.0,0.0,"Approved",
"Service","LHW0010","Landscape & Hardscape work","Plantations/Trees/Shrubs work","Lumpsum",false,0.0,0.0,"Approved",
"Service","LHW0008","Landscape & Hardscape work","Plaza work","Sq.Ft.",false,0.0,0.0,"Approved",
"Service","LHW0004","Landscape & Hardscape work","Multi Sport Court Area work","Sq.Ft.",false,0.0,0.0,"Approved",
"Service","LHW0014","Landscape & Hardscape work","Water Body Work","Sq.Ft.",false,0.0,0.0,"Approved",
"Service","LHW0005","Landscape & Hardscape work","Netcricket work","Sq.Ft.",false,0.0,0.0,"Approved",
"Service","LHW0018","Landscape & Hardscape work","Gazebo & Swimming Pool Shed Work","Sq.Ft.",false,0.0,0.0,"Approved",
"Service","LHW0013","Landscape & Hardscape work","Swing Courtyard Work","Sq.Ft.",false,0.0,0.0,"Approved",
"Service","LHW0003","Landscape & Hardscape work","Skating Area work","Sq.Ft.",false,0.0,0.0,"Approved",
"Service","LHW0011","Landscape & Hardscape work","Seat Out Area work","Sq.Ft.",false,0.0,0.0,"Approved",
"Service","LHW0001","Landscape & Hardscape work","Party Lawn work Material with Labour","Sq.Ft.",false,0.0,0.0,"Approved",
"Service","LHW0015","Landscape & Hardscape work","Terrace Landscape Work","Sq.Ft.",false,0.0,0.0,"Approved",
"Service","LHW0016","Landscape & Hardscape work","Parking Area Development Work","Sq.Ft.",false,0.0,0.0,"Approved",
"Service","LHW0017","Landscape & Hardscape work","Porch Area Development Work","Sq.Ft.",false,0.0,0.0,"Approved",
"Service","LHW0002","Landscape & Hardscape work","Children's Play Area work","Sq.Ft.",false,0.0,0.0,"Approved",
"Service","LHW0019","Landscape & Hardscape work","Swimming Pool Area Work","Lumpsum",false,0.0,0.0,"Approved",
"Service","LHW0012","Landscape & Hardscape work","Senior Citizen Area work","Sq.Ft.",false,0.0,0.0,"Approved",
"Service","MEP0001","M.E.P and HVAC Work","Basement Exhaust and Ventilation System Work","Lumpsum",false,0.0,0.0,"Approved",
"Material","MM0002","Masonary Material","Red Bricks","NOS",false,12.0,3.0,"Approved",
"Material","MM0005","Masonary Material","FOSROC Cebex 100","BAG",false,18.0,7.0,"Approved",
"Material","MM0003","Masonary Material","Bricks Tukda (Roda)","BRASS",false,0.0,3.0,"Approved",
"Material","MM0001","Masonary Material","Flyash Bricks","NOS",false,12.0,3.0,"Approved",
"Material","MM0004","Masonary Material","Fixo Block","NOS",false,0.0,3.0,"Approved",
"Material","MPM0001","Mechanical Parking","STACK PARKING (2.2 TON SHARED POWER PACK WITH SUPPORT)","NOS",false,18.0,30.0,"Approved",
"Service","MPW0001","Mechanical Parking work","Mechanical Parking Work","Lumpsum",false,0.0,0.0,"Approved",
"Material","MSM0042","Misc. Material","4"" BROWN TAPE","box",false,18.0,4.0,"Approved",
"Material","MSM0024","Misc. Material","Tar kucha","Nos",false,0.0,4.0,"Approved",
"Material","MSM0054","Misc. Material","3 X 50 MTR (75%) GREEN NET","NOS",false,0.0,4.0,"Approved",
"Material","MSM0067","Misc. Material","Petty cash & Depart Labour","Lumpsum",false,0.0,0.0,"Approved",
"Material","MSM0050","Misc. Material","FREIGHT","NOS",false,18.0,0.0,"Approved",
"Material","MSM0020","Misc. Material","4"" grinder blade steel cutting","Nos",false,18.0,4.0,"Approved",
"Material","MSM0046","Misc. Material","Green  Carpet  3mtr X 50mtr","NOS",false,5.0,4.0,"Approved",
"Material","MSM0010","Misc. Material","Expansion Joint Sheet 25 mm x 1.2 mtr x 2.4 mtr HD 100","sqm",false,18.0,4.0,"Approved",
"Material","MSM0006","Misc. Material","FRP 450x900 Solid Manhole Cover 20Ton Gray","Nos",false,18.0,17.0,"Approved",
"Material","MSM0008","Misc. Material","FRP 600x600 Solid Manhole Cover 20ton Gray","Nos",false,18.0,17.0,"Approved",
"Material","MSM0080","Misc. Material","FRP RECESSED COVER 80 MM DEPTH 12"" X 12"" (12 TON)","NOS",false,18.0,17.0,"Approved",
"Material","MSM0078","Misc. Material","HATIX PAIT REMOVER 1 LTR","NOS",false,0.0,0.0,"Delete",
"Material","MSM0012","Misc. Material","TARPAULINE 200 GSM","Sq.Ft.",false,0.0,4.0,"Approval",
"Material","MSM0082","Misc. Material","PLUMBING AND HARDWARE MATERIAL","NOS",false,0.0,4.0,"Approved",
"Material","MSM0083","Misc. Material","CEMENT SHEET 10 MM (8X4)","NOS",false,18.0,4.0,"Approved",
"Material","MSM0063","Misc. Material","CONVEX MIRROR 40""","NOS",false,18.0,4.0,"Approved",
"Material","MSM0007","Misc. Material","FRP 600x600 Perforated Manhole Cover 20ton Gray","Nos",false,18.0,17.0,"Approved",
"Material","MSM0069","Misc. Material","HELMET YELLOW","NOS",false,18.0,4.0,"Approved",
"Material","MSM0003","Misc. Material","2'x2'  R.C.C Chamber Cover Heavy","Nos",false,0.0,17.0,"Approved",
"Material","MSM0062","Misc. Material","CONVEX MIRROR 32""","NOS",false,18.0,4.0,"Approved",
"Material","MSM0026","Misc. Material","Savarni","Nos",false,0.0,4.0,"Approved",
"Material","MSM0036","Misc. Material","MULTI PLAY SYSTEM 9A","NOS",false,12.0,30.0,"Approved",
"Material","MSM0061","Misc. Material","NEW SPEED BREAKER","MTR",false,18.0,17.0,"Approved",
"Material","MSM0075","Misc. Material","DI Solid Manhole Cover 18"" * 36"" 10 Ton","NOS",false,0.0,17.0,"Approved",
"Material","MSM0025","Misc. Material","Jadu","Nos",false,0.0,4.0,"Approved",
"Material","MSM0040","Misc. Material","TWISTED CLIMBER","NOS",false,12.0,30.0,"Approved",
"Material","MSM0009","Misc. Material","LDPE Sheet 200 Micron","sqm",false,18.0,4.0,"Approved",
"Material","MSM0033","Misc. Material","300 x 300 Solid Manhole Cover","Nos",false,18.0,17.0,"Approved",
"Material","MSM0074","Misc. Material","Diesel for DG","Lit",false,0.0,4.0,"Approved",
"Material","MSM0018","Misc. Material","PLASTIC SHEET 40' X 40'","Sq.Ft.",false,18.0,4.0,"Approved",
"Material","MSM0084","Misc. Material","FOAM SPRAY","NOS",false,18.0,4.0,"Approved",
"Material","MSM0104","Misc. Material","DRILL TOOL 16 MM","NOS",false,18.0,4.0,"Approved",
"Material","MSM0125","Misc. Material","SURFACE PROTECTION FILM","MTR",false,0.0,4.0,"Approved",
"Material","MSM0094","Misc. Material","PORTABLE TOILET","NOS",false,18.0,7.0,"Approved",
"Material","MSM0106","Misc. Material","DRILL TOOL 6 MM","NOS",false,18.0,4.0,"Approved",
"Material","MSM0100","Misc. Material","Anti Skid Rubber Mat","Sq.Ft.",false,18.0,7.0,"Approved",
"Material","MSM0095","Misc. Material","PORTABLE BATHROOM","NOS",false,18.0,7.0,"Approved",
"Material","MSM0099","Misc. Material","FRP Manhole 750X750mm","NOS",false,0.0,30.0,"Approved",
"Material","MSM0098","Misc. Material","FRP Manhole 600X600mm","NOS",false,0.0,30.0,"Approved",
"Material","MSM0087","Misc. Material","FLOWER POT","NOS",false,18.0,4.0,"Approved",
"Material","MSM0086","Misc. Material","ROAD BRUSH PVC METAL PIPE","NOS",false,0.0,4.0,"Approved",
"Material","MSM0088","Misc. Material","DOOR MAT","SQF",false,18.0,4.0,"Approved",
"Material","MSM0019","Misc. Material","PLASTIC SHEET - 150 GSM","Sq.Ft.",false,18.0,4.0,"Approval",
"Material","MSM0124","Misc. Material","waterproof tape","NOS",false,0.0,5.0,"Approved",
"Material","MSM0123","Misc. Material","GAZIBO TENT","NOS",false,18.0,7.0,"Approved",
"Material","MSM0085","Misc. Material","FRP 600x600 Solid Manhole Cover 25 ton Gray","NOS",false,0.0,17.0,"Approved",
"Material","MSM0072","Misc. Material","Gangada Chuno","Kg",false,0.0,4.0,"Approved",
"Material","MSM0070","Misc. Material","SAFETY JACKET","NOS",false,5.0,4.0,"Approved",
"Material","MSM0037","Misc. Material","TRIPLE SWING (WITH 1 BABY SEAT)","NOS",false,12.0,30.0,"Approved",
"Material","MSM0023","Misc. Material","6"" patra","Nos",false,18.0,4.0,"Approved",
"Material","MSM0068","Misc. Material","Fire Extinguisher","Nos",false,18.0,4.0,"Approved",
"Material","MSM0015","Misc. Material","Cera Clean","Ltr",false,18.0,4.0,"Approved",
"Material","MSM0122","Misc. Material","THERMOCOL SHEET (1M X 1M X 150MM)","NOS",false,18.0,7.0,"Approved",
"Material","MSM0048","Misc. Material","EPDM RUBBER FLOORING (30mm)","Sq.Ft.",false,18.0,7.0,"Approved",
"Material","MSM0073","Misc. Material","Safety Net 3 X 50 Mtr (50%)","Nos",false,5.0,4.0,"Approved",
"Material","MSM0022","Misc. Material","Clear silicon (260ml)","Nos",false,18.0,5.0,"Approved",
"Material","MSM0028","Misc. Material","Chicken Mesh","bndl",false,18.0,5.0,"Approved",
"Material","MSM0076","Misc. Material","DI Solid Manhole Cover 12"" * 12"" 10 Ton","NOS",false,0.0,17.0,"Approved",
"Material","MSM0049","Misc. Material","INSTALLATION","Nos",false,18.0,0.0,"Approved",
"Material","MSM0081","Misc. Material","FRP RECESSED COVER 80 MM DEPTH 24"" X 24"" (12 TON)","NOS",false,18.0,17.0,"Approved",
"Material","MSM0053","Misc. Material","BROWN TAPE 3""","box",false,0.0,4.0,"Approved",
"Material","MSM0043","Misc. Material","Pramukh Legal Size File","Nos",false,18.0,4.0,"Approved",
"Material","MSM0004","Misc. Material","Cement Sheet 6mm","Sq.Ft.",false,0.0,4.0,"Approved",
"Material","MSM0044","Misc. Material","MIRROR MOUNTING DOUBLE SIDED GUM FOAM TAPE","NOS",false,18.0,4.0,"Approved",
"Material","MSM0071","Misc. Material","CROSS BELT GREEN","NOS",false,5.0,4.0,"Approved",
"Material","MSM0011","Misc. Material","RCC Manhole Cover Clear Opening 24 x 24 : Cover Size 30x30 Frame 33x33 Square Extra Heavy","NOS",false,0.0,17.0,"Approved",
"Material","MSM0041","Misc. Material","SPRING RIDER","NOS",false,12.0,30.0,"Approved",
"Material","MSM0059","Misc. Material","50 MM PVC SPEED BREAKER","MTR",false,18.0,17.0,"Approved",
"Material","MSM0039","Misc. Material","CAR SEE - SAW","NOS",false,12.0,30.0,"Approved",
"Material","MSM0035","Misc. Material","450 x 450 Solid Manhole Cover","NOS",false,18.0,17.0,"Approved",
"Material","MSM0027","Misc. Material","Silicon Gun","Nos",false,18.0,4.0,"Approved",
"Material","MSM0005","Misc. Material","Cement Sheet 8mm","Sq.Ft.",false,0.0,4.0,"Approved",
"Material","MSM0056","Misc. Material","Dustbin","Nos",false,18.0,4.0,"Approved",
"Material","MSM0058","Misc. Material","Plastic Box","Nos",false,18.0,4.0,"Approved",
"Material","MSM0021","Misc. Material","4"" blade rcc","Nos",false,18.0,4.0,"Approved",
"Material","MSM0064","Misc. Material","CONVEX MIRROR POLE","NOS",false,18.0,4.0,"Approved",
"Material","MSM0052","Misc. Material","PUMP 1.5 HP","NOS",false,18.0,7.0,"Approved",
"Material","MSM0060","Misc. Material","55 MM ABS SPEED BREAKER","MTR",false,18.0,14.0,"Approved",
"Material","MSM0079","Misc. Material","FRP RECESSED COVER 80 MM DEPTH 18"" X 36"" (12 TON)","NOS",false,18.0,17.0,"Approved",
"Material","MSM0047","Misc. Material","Grease","Kg",false,0.0,4.0,"Approved",
"Material","MSM0001","Misc. Material","TAL PATRI","Nos",false,0.0,4.0,"Approved",
"Material","MSM0093","Misc. Material","KEY CHAIN","NOS",false,0.0,4.0,"Approved",
"Material","MSM0090","Misc. Material","WATER FILTER CARTRIDGE","BAG",false,18.0,7.0,"Approved",
"Material","MSM0092","Misc. Material","DOSING CHEMICAL HEAVY","Kg",false,18.0,7.0,"Approved",
"Material","MSM0111","Misc. Material","TARPAULINE 300 GSM","Sq.Ft.",false,18.0,7.0,"Approved",
"Material","MSM0109","Misc. Material","WIRE BRUSH PVC HANDLE","NOS",false,0.0,4.0,"Approved",
"Material","MSM0110","Misc. Material","6inch chicken mesh","roll",false,0.0,4.0,"Approved",
"Material","MSM0108","Misc. Material","Curtain","NOS",false,5.0,14.0,"Approved",
"Material","MSM0091","Misc. Material","DOSING CHEMICAL 5522","Kg",false,18.0,7.0,"Approved",
"Material","MSM0112","Misc. Material","5MM TILES SPACER","PKT",false,0.0,4.0,"Approved",
"Material","MSM0113","Misc. Material","PAVADA","NOS",false,0.0,4.0,"Approved",
"Material","MSM0114","Misc. Material","PAWDA PVC HANDLE","NOS",false,0.0,4.0,"Approved",
"Material","MSM0107","Misc. Material","Shower Cap","NOS",false,18.0,4.0,"Approved",
"Material","MSM0115","Misc. Material","TRIKAM HANDLE","NOS",false,0.0,4.0,"Approved",
"Material","MSM0096","Misc. Material","RO FILTER PART","Lumpsum",false,18.0,14.0,"Approved",
"Material","MSM0116","Misc. Material","GI TAGARA","NOS",false,0.0,4.0,"Approved",
"Material","MSM0089","Misc. Material","Polypropylene Bag Filter","BAG",false,18.0,7.0,"Approved",
"Material","MSM0117","Misc. Material","CHIESEL FLAT 8 INCH","NOS",false,0.0,4.0,"Approved",
"Material","MSM0118","Misc. Material","HAMMER WITH HANDLE","NOS",false,0.0,4.0,"Approved",
"Material","MSM0119","Misc. Material","SAFETY BELT","NOS",false,0.0,4.0,"Approved",
"Material","MSM0120","Misc. Material","LINE DORI ROLL 2MM-3MM","NOS",false,0.0,4.0,"Draft",
"Material","MSM0097","Misc. Material","DEF (Urea) TATA Genuine","Ltr",false,18.0,7.0,"Approved",
"Material","MSM0105","Misc. Material","DRILL TOOL 5 MM","NOS",false,18.0,4.0,"Approved",
"Material","MSM0121","Misc. Material","TARPAULINE 180 GSM","Sq.Ft.",false,0.0,4.0,"Approved",
"Material","MSM0102","Misc. Material","DRILL TOOL 10 MM","NOS",false,18.0,4.0,"Approved",
"Material","MSM0101","Misc. Material","DRILL TOOL 8 MM","NOS",false,18.0,4.0,"Approved",
"Material","MSM0038","Misc. Material","HORSE MERRY GO ROUND","NOS",false,12.0,30.0,"Approved",
"Material","MSM0057","Misc. Material","HESSIAN CLOTH 1 MTR X 100 MTR ( BROWN BAG )","roll",false,0.0,4.0,"Approved",
"Material","MSM0045","Misc. Material","TRANSPARENT TAPE","NOS",false,18.0,4.0,"Approved",
"Material","MSM0103","Misc. Material","DRILL TOOL 12 MM","NOS",false,18.0,4.0,"Approved",
"Material","MSM0016","Misc. Material","Crack Filler","Lit",false,0.0,4.0,"Approved",
"Material","MSM0065","Misc. Material","Crack Filler ( kg )","Kg",false,18.0,4.0,"Approved",
"Material","MSM0002","Misc. Material","Tunes Knob Kn 29 Cp","Nos",false,0.0,4.0,"Approved",
"Material","MSM0055","Misc. Material","M-Seal","Kg",false,18.0,4.0,"Approved",
"Material","MSM0051","Misc. Material","Double gum tap  1"" (3M)","Nos",false,18.0,4.0,"Approved",
"Material","MSM0029","Misc. Material","GREEN NET","NOS",false,0.0,4.0,"Approved",
"Material","MSM0013","Misc. Material","HELMET WHITE RATCHET","Nos",false,18.0,4.0,"Approved",
"Material","MSM0077","Misc. Material","DI Solid Manhole Cover 24"" * 24"" 10 Ton","NOS",false,0.0,17.0,"Approved",
"Material","MSM0066","Misc. Material","PVC Rung","Nos",false,18.0,4.0,"Approved",
"Material","MSM0030","Misc. Material","Light Weight Filling","Ton",false,0.0,4.0,"Approved",
"Material","MSM0032","Misc. Material","600 x 600 Solid Manhole Cover","Nos",false,0.0,17.0,"Approved",
"Material","MSM0017","Misc. Material","Mosquito repellent Spray","Ltr",false,18.0,4.0,"Approved",
"Material","MSM0034","Misc. Material","600 x 600 Perforated Manhole Cover","Nos",false,0.0,17.0,"Approved",
"Material","MSM0031","Misc. Material","450 x 900 Solid Manhole Cover","Nos",false,0.0,17.0,"Approved",
"Material","MSM0014","Misc. Material","FRP COVER 21"" X 21""  - 2.5 TON","Nos",false,0.0,17.0,"Approved",
"Material","PM0485","Plumbing Material","75mm X 90mm  GREY FT","NOS",false,18.0,14.0,"Approved",
"Material","PM0596","Plumbing Material","OVERHEAD TANK COVER (2' X 2')","NOS",false,18.0,14.0,"Approved",
"Material","PM0594","Plumbing Material","3/4"" x 1/2"" Cpvc Brass Tee","Nos",false,18.0,14.0,"Approved",
"Material","PM0618","Plumbing Material","GI Pipe 4"" ( 6 Mtr )","Nos",false,18.0,14.0,"Approved",
"Material","PM0355","Plumbing Material","6"" CLEANING PIPE","NOS",false,18.0,14.0,"Approved",
"Material","PM0344","Plumbing Material","3"" DS Pipe 10'","Nos",false,18.0,14.0,"Approved",
"Material","PM0282","Plumbing Material","4"" Single ""Y""","Nos",false,18.0,14.0,"Approved",
"Material","PM0057","Plumbing Material","1/2"" Upvc Sch-40 Pipe 10ft","NOS",false,0.0,14.0,"Approved",
"Material","PM0356","Plumbing Material","4"" CLEANING PIPE","NOS",false,18.0,14.0,"Approved",
"Material","PM0345","Plumbing Material","600 x 600 Perforated  Manhole Cover 5 Tonne","Nos",false,0.0,14.0,"Approved",
"Material","PM0619","Plumbing Material","GI PIPE 3"" (6mtr)","NOS",false,18.0,14.0,"Approved",
"Material","PM0023","Plumbing Material","38x8 S.S. Screw","NOS",false,18.0,14.0,"Approved",
"Material","PM0370","Plumbing Material","3"" COUPLER","NOS",false,18.0,14.0,"Approved",
"Material","PM0288","Plumbing Material","75MM AGRI COUPLER (6KG)","NOS",false,0.0,14.0,"Approved",
"Material","PM0365","Plumbing Material","3"" FLANGE","NOS",false,18.0,14.0,"Approved",
"Material","PM0364","Plumbing Material","1.1/2"" NIPPLE","NOS",false,0.0,14.0,"Approved",
"Material","PM0371","Plumbing Material","3"" X 1.1/4"" TEE","NOS",false,18.0,14.0,"Approved",
"Material","PM0257","Plumbing Material","3"" X 2""  GI PIPE","Nos",false,0.0,14.0,"Approved",
"Material","PM0377","Plumbing Material","2"" X 2"" TEE","NOS",false,18.0,14.0,"Approved",
"Material","PM0216","Plumbing Material","Cold Water Meter","NOS",false,0.0,14.0,"Approved",
"Material","PM0492","Plumbing Material","2.1/2"" FTA","NOS",false,18.0,14.0,"Approved",
"Material","PM0486","Plumbing Material","3"" MT","NOS",false,18.0,14.0,"Approved",
"Material","PM0373","Plumbing Material","3X1"" TEE","NOS",false,18.0,14.0,"Approved",
"Material","PM0372","Plumbing Material","3X1.1/2"" TEE","NOS",false,18.0,14.0,"Approved",
"Material","PM0349","Plumbing Material","6"" PIPE S/S (10FT)","NOS",false,18.0,14.0,"Approved",
"Material","PM0030","Plumbing Material","Abro Tape 25mm","NOS",false,18.0,14.0,"Approved",
"Material","PM0606","Plumbing Material","6"" DS PIPE 6'","NOS",false,18.0,14.0,"Approved",
"Material","PM0513","Plumbing Material","Master trap 6x6","Nos",false,0.0,14.0,"Approved",
"Material","PM0022","Plumbing Material","3"" U  Bolt Coated","NOS",false,18.0,5.0,"Approved",
"Material","PM0487","Plumbing Material","90mm X 110mm REDUCER","NOS",false,0.0,14.0,"Approved",
"Material","PM0378","Plumbing Material","3"" LONG ELBOW","NOS",false,18.0,14.0,"Approved",
"Material","PM0397","Plumbing Material","Bolt","Kg",false,18.0,5.0,"Approved",
"Material","PM0463","Plumbing Material","Water Tank 5000 Ltr","NOS",false,18.0,14.0,"Approved",
"Material","PM0287","Plumbing Material","75MM AGRI ELBOW (6KG)","NOS",false,0.0,14.0,"Approved",
"Material","PM0250","Plumbing Material","Bracket for fixing set","Nos",false,0.0,14.0,"Approved",
"Material","PM0382","Plumbing Material","1.1/2"" M.T","NOS",false,0.0,14.0,"Approved",
"Material","PM0124","Plumbing Material","Towerbolt Xylo 6"" (H)","NOS",false,0.0,5.0,"Approved",
"Material","PM0607","Plumbing Material","6"" DS PIPE 4'","NOS",false,18.0,14.0,"Approved",
"Material","PM0752","Plumbing Material","4"" UPVC Brass MABT","Nos",false,18.0,14.0,"Approved",
"Material","PM0256","Plumbing Material","3"" CI Hose Caller","Nos",false,0.0,14.0,"Approved",
"Material","PM0394","Plumbing Material","Baloon Clamp 6""","Nos",false,18.0,5.0,"Approved",
"Material","PM0383","Plumbing Material","1.1/4"" M.T","NOS",false,0.0,14.0,"Approved",
"Material","PM0388","Plumbing Material","2"" BRASS M.T","NOS",false,0.0,14.0,"Approved",
"Material","PM0389","Plumbing Material","PRIMER 237 - ASTRAL","NOS",false,18.0,14.0,"Approved",
"Material","PM0386","Plumbing Material","SULUTION 717","NOS",false,18.0,14.0,"Approved",
"Material","PM0055","Plumbing Material","118ml Cpvc Solvent","NOS",false,0.0,14.0,"Approved",
"Material","PM0608","Plumbing Material","6"" DS PIPE 2'","NOS",false,18.0,14.0,"Approved",
"Material","PM0393","Plumbing Material","4X4 PVC Jali","Nos",false,0.0,14.0,"Approved",
"Material","PM0395","Plumbing Material","4"" Bolt","Kg",false,0.0,5.0,"Approved",
"Material","PM0494","Plumbing Material","2.1/2"" MTA","NOS",false,18.0,14.0,"Approved",
"Material","PM0215","Plumbing Material","200mm DWC Pipe","MTR",false,0.0,14.0,"Approved",
"Material","PM0286","Plumbing Material","75MM AGRI BEND (6KG)","NOS",false,0.0,14.0,"Approved",
"Material","PM0515","Plumbing Material","2"" LONG BEND","NOS",false,0.0,14.0,"Approved",
"Material","PM0322","Plumbing Material","6"" Z PATTI (10 HOLE)","Nos",false,18.0,5.0,"Approved",
"Material","PM0264","Plumbing Material","PVC Hose Connector 110MM","NOS",false,0.0,14.0,"Approved",
"Material","PM0255","Plumbing Material","3 X 2.1/2"" GI Reducer Socket","Nos",false,0.0,14.0,"Approved",
"Material","PM0400","Plumbing Material","3"" End Cap","Nos",false,18.0,14.0,"Approved",
"Material","PM0396","Plumbing Material","4"" Baloon Clamp","Nos",false,18.0,5.0,"Approved",
"Material","PM0399","Plumbing Material","6"" End Cap","Nos",false,18.0,14.0,"Approved",
"Material","PM0398","Plumbing Material","6"" x 4"" Reducer","Nos",false,18.0,14.0,"Approved",
"Material","PM0415","Plumbing Material","2 x 3/4' Tee","Nos",false,18.0,14.0,"Approved",
"Material","PM0407","Plumbing Material","3"" Baloon Clamp","Nos",false,18.0,5.0,"Approved",
"Material","PM0054","Plumbing Material","1.1/4'' Upvc SCH-40 Upvc Pipe 10ft","NOS",false,0.0,14.0,"Approved",
"Material","PM0413","Plumbing Material","3"" Long Bend","Nos",false,18.0,14.0,"Approved",
"Material","PM0330","Plumbing Material","Dr.Fixit LW+ (20 kg)","Nos",false,18.0,14.0,"Approved",
"Material","PM0609","Plumbing Material","4"" X 3"" SWR BUSHING","NOS",false,18.0,14.0,"Approved",
"Material","PM0410","Plumbing Material","1.1/4"" 45 Bend","Nos",false,0.0,14.0,"Approved",
"Material","PM0408","Plumbing Material","3 x 3 Tee","Nos",false,0.0,14.0,"Approved",
"Material","PM0412","Plumbing Material","2 x 2 Tee","Nos",false,0.0,14.0,"Approved",
"Material","PM0409","Plumbing Material","3""x1"" Tee","Nos",false,0.0,14.0,"Approved",
"Material","PM0496","Plumbing Material","2"" X 2.1/2"" REDUCER","NOS",false,18.0,14.0,"Approved",
"Material","PM0123","Plumbing Material","GI U Shape (50x 50x50 Plain Strip)","NOS",false,0.0,5.0,"Approved",
"Material","PM0157","Plumbing Material","63mm x 50mm Pvc Nahni Trap","NOS",false,0.0,14.0,"Approved",
"Material","PM0417","Plumbing Material","20mm Grey Pipe","Nos",false,18.0,14.0,"Approved",
"Material","PM0091","Plumbing Material","Ext Nipple Heavy L & Key 1.5""","NOS",false,18.0,14.0,"Approved",
"Material","PM0285","Plumbing Material","75 X 6 KG AGRI PIPE (6MTR)","NOS",false,0.0,14.0,"Approved",
"Material","PM0278","Plumbing Material","4"" Z- patti (14 Hole)","Nos",false,0.0,5.0,"Approved",
"Material","PM0263","Plumbing Material","GI Hose Clamp 65 mm","NOS",false,0.0,14.0,"Approved",
"Material","PM0248","Plumbing Material","SELFIT 160MM COUPLER","Nos",false,0.0,14.0,"Approved",
"Material","PM0592","Plumbing Material","2.5"" FLANGE","NOS",false,18.0,14.0,"Approved",
"Material","PM0122","Plumbing Material","L Type Slotted Channel 8 Ft. (16 Gauge)","NOS",false,0.0,5.0,"Approved",
"Material","PM0156","Plumbing Material","4"" Pvc Y","NOS",false,0.0,14.0,"Approved",
"Material","PM0088","Plumbing Material","Waste Pipe Roll 0022","NOS",false,0.0,14.0,"Approved",
"Material","PM0053","Plumbing Material","1.1/4'' Upvc Elbow 45","NOS",false,0.0,14.0,"Approved",
"Material","PM0353","Plumbing Material","6"" BEND 45","NOS",false,18.0,14.0,"Approved",
"Material","PM0019","Plumbing Material","2"" Z Clamp Patti (H) 4 ft. 16 Gauge","NOS",false,0.0,5.0,"Approved",
"Material","PM0497","Plumbing Material","3"" X 2.1/2"" REDUCER","NOS",false,18.0,14.0,"Approved",
"Material","PM0090","Plumbing Material","Ext Nipple Heavy L& Key 1""","NOS",false,18.0,14.0,"Approved",
"Material","PM0247","Plumbing Material","200 Upvc Solution 237 ml","Nos",false,0.0,14.0,"Approved",
"Material","PM0418","Plumbing Material","4"" SECTION PIPE","MTR",false,0.0,14.0,"Approved",
"Material","PM0175","Plumbing Material","3"" Tee","NOS",false,18.0,14.0,"Approved",
"Material","PM0155","Plumbing Material","50mm Pvc Tee","NOS",false,0.0,14.0,"Approved",
"Material","PM0505","Plumbing Material","2.1/2"" Z PATTI","NOS",false,0.0,5.0,"Approved",
"Material","PM0262","Plumbing Material","PVC Foot Valve 65 mm","NOS",false,0.0,14.0,"Approved",
"Material","PM0498","Plumbing Material","2"" X 1/2"" REDUCING TEE","NOS",false,18.0,14.0,"Approved",
"Material","PM0423","Plumbing Material","2.1/2"" Coupler","Nos",false,18.0,14.0,"Approved",
"Material","PM0421","Plumbing Material","4"" Coupler","Nos",false,18.0,14.0,"Approved",
"Material","PM0018","Plumbing Material","1.1/4 U Bolt  Coated","NOS",false,0.0,5.0,"Approved",
"Material","PM0591","Plumbing Material","ANTI COCKROACH TRAP","NOS",false,18.0,14.0,"Approved",
"Material","PM0506","Plumbing Material","2.1/2""  36 Hole Z Patti","Nos",false,18.0,5.0,"Approved",
"Material","PM0424","Plumbing Material","2.1/2"" Bend 45","Nos",false,18.0,5.0,"Approved",
"Material","PM0326","Plumbing Material","5"" Z PATTI (8 HOLE)","Nos",false,18.0,5.0,"Approved",
"Material","PM0403","Plumbing Material","1"" PIPE","Nos",false,18.0,14.0,"Approved",
"Material","PM0499","Plumbing Material","2.1/2"" X 1/2"" REDUCING TEE","NOS",false,18.0,14.0,"Approved",
"Material","PM0092","Plumbing Material","Ext. Nipple Heavy L & Key 2""","NOS",false,0.0,14.0,"Approved",
"Material","PM0500","Plumbing Material","2.1/2"" X 2"" REDUCING TEE","NOS",false,18.0,14.0,"Approved",
"Material","PM0489","Plumbing Material","FTA 2""","NOS",false,18.0,14.0,"Approved",
"Material","PM0593","Plumbing Material","PVC JALI 6"" X 6""","NOS",false,18.0,14.0,"Approved",
"Material","PM0261","Plumbing Material","Suction Pipe 65 mm 30 mtr","MTR",false,0.0,14.0,"Approved",
"Material","PM0429","Plumbing Material","6"" COUPLER","NOS",false,18.0,14.0,"Approved",
"Material","PM0517","Plumbing Material","GOLDEN CLAMP 2"" (50mm)","doz",false,18.0,14.0,"Approved",
"Material","PM0501","Plumbing Material","TANK CONNECTION 2""","NOS",false,18.0,14.0,"Approved",
"Material","PM0425","Plumbing Material","1"" Elbow","Nos",false,0.0,5.0,"Approved",
"Material","PM0426","Plumbing Material","1"" PVC Elbow","Nos",false,0.0,14.0,"Approved",
"Material","PM0246","Plumbing Material","1/2"" Upvc Brass Elbow","Nos",false,0.0,14.0,"Approved",
"Material","PM0428","Plumbing Material","1.1/4"" ELBOW 45","NOS",false,0.0,5.0,"Approved",
"Material","EM0178","Plumbing Material","4"" HANGING CLAMP","Nos",false,18.0,7.0,"Approved",
"Material","PM0120","Plumbing Material","Z Patti 4ft x 3"" (16 Gauge)","NOS",false,0.0,20.0,"Approved",
"Material","PM0432","Plumbing Material","2"" x 2"" FTA ( BRASS )","NOS",false,18.0,3.0,"Approved",
"Material","PM0433","Plumbing Material","2.1/2"" x 1"" TEE","NOS",false,18.0,3.0,"Approved",
"Material","PM0588","Plumbing Material","4"" RUBBER RING","NOS",false,18.0,7.0,"Approved",
"Material","EM0179","Plumbing Material","3"" HANGING CLAMP","Nos",false,18.0,7.0,"Approved",
"Material","PM0017","Plumbing Material","1141 Pvc Jet Spray 18''","NOS",false,0.0,20.0,"Approved",
"Material","PM0430","Plumbing Material","50mm ELBOW","Nos",false,18.0,3.0,"Approved",
"Material","PM0507","Plumbing Material","75mm Door ""Y""","NOS",false,18.0,7.0,"Approved",
"Material","PM0367","Plumbing Material","L Bracket (3""x3"")","Nos",false,18.0,10.0,"Approved",
"Material","PM0320","Plumbing Material","5"" Z PATTI (12 HOLE)","Nos",false,18.0,14.0,"Approved",
"Material","PM0502","Plumbing Material","TANK CONNECTION 2.1/2""","NOS",false,18.0,7.0,"Approved",
"Material","PM0284","Plumbing Material","4 way switch board (1 plug & 2 switch)","Nos",false,18.0,14.0,"Approved",
"Material","PM0269","Plumbing Material","3/4"" cpvc ball valve","Nos",false,18.0,14.0,"Approved",
"Material","PM0435","Plumbing Material","2.1/2"" LONG ELBOW","NOS",false,18.0,3.0,"Approved",
"Material","PM0436","Plumbing Material","3"" U BOLT","NOS",false,18.0,3.0,"Approved",
"Material","PM0437","Plumbing Material","1.1/4"" U BOLT","NOS",false,0.0,3.0,"Approved",
"Material","PM0617","Plumbing Material","4' Z PATTI (28 HOLE)","NOS",false,18.0,7.0,"Approved",
"Material","PM0440","Plumbing Material","3 x 3 F.A.B.T","Nos",false,18.0,5.0,"Approved",
"Material","PM0590","Plumbing Material","TILE INSERT JALI 8"" X 8""","NOS",false,18.0,14.0,"Approved",
"Material","PM0439","Plumbing Material","3 x 3 M.A.B.T","Nos",false,18.0,5.0,"Approved",
"Material","PM0503","Plumbing Material","2.1/2"" TEE","NOS",false,0.0,7.0,"Approved",
"Material","PM0119","Plumbing Material","8'' Gray Pvc 6kg Pipe","NOS",false,0.0,20.0,"Approved",
"Material","PM0245","Plumbing Material","1"" X 1/2"" Upvc Red Tee","Nos",false,0.0,14.0,"Approved",
"Material","PM0438","Plumbing Material","4 x 3 Bushing","Nos",false,18.0,5.0,"Approved",
"Material","PM0366","Plumbing Material","L Patti 4 Ft.","Nos",false,18.0,10.0,"Approved",
"Material","PM0441","Plumbing Material","3"" BALL VALVE","Nos",false,18.0,5.0,"Approved",
"Material","PM0443","Plumbing Material","40mm Pressure Realase Valve","Nos",false,18.0,7.0,"Approved",
"Material","PM0368","Plumbing Material","NUT","KGS",false,18.0,14.0,"Approved",
"Material","PM0449","Plumbing Material","3/4"" x 1/2"" Bushing","Nos",false,0.0,14.0,"Approved",
"Material","PM0452","Plumbing Material","1.1/4"" M.A.B.T","Nos",false,0.0,7.0,"Approved",
"Material","PM0085","Plumbing Material","Upvc Elbow 45 2""","NOS",false,18.0,14.0,"Approved",
"Material","PM0504","Plumbing Material","2.1/2"" UNION","NOS",false,18.0,14.0,"Approved",
"Material","PM0153","Plumbing Material","50mm Pvc 45 Bend","NOS",false,18.0,20.0,"Approved",
"Material","PM0453","Plumbing Material","4"" x 2"" Reducer","Nos",false,0.0,14.0,"Approved",
"Material","PM0462","Plumbing Material","200 mm sewer  (SN 8, Orange Pipe)","Nos",false,18.0,14.0,"Approved",
"Material","PM0458","Plumbing Material","200mm Coupler","Nos",false,18.0,14.0,"Approved",
"Material","PM0456","Plumbing Material","300 mm PVC Pipe (Heavy Duty)","Nos",false,18.0,14.0,"Approved",
"Material","PM0457","Plumbing Material","300mm Coupler","Nos",false,18.0,14.0,"Approved",
"Material","PM0459","Plumbing Material","6"" Gully Trap","Nos",false,18.0,14.0,"Approved",
"Material","PM0348","Plumbing Material","Pvc Floor Trap Jali Brown 6x6","Nos",false,18.0,14.0,"Approved",
"Material","PM0079","Plumbing Material","SBR Chemical 50ltr","BKT",false,18.0,14.0,"Approved",
"Material","PM0268","Plumbing Material","3/4"" X 3/4"" UPVC BUSHING","NOS",false,18.0,14.0,"Approved",
"Material","PM0016","Plumbing Material","1.1/4"" Bracket G Rubber Clamp","NOS",false,0.0,14.0,"Approved",
"Material","PM0509","Plumbing Material","3"" 36 Hole Z Patti","Nos",false,0.0,5.0,"Approved",
"Material","PM0510","Plumbing Material","75mm X 25mm Bushing","Nos",false,18.0,14.0,"Approved",
"Material","PM0265","Plumbing Material","6"" ORANGE PIPE COUPLER","NOS",false,0.0,14.0,"Approved",
"Material","PM0260","Plumbing Material","150mm Rubber Coated canvas Pipe (Heavy)","MTR",false,0.0,14.0,"Approved",
"Material","PM0616","Plumbing Material","3"" UPVC MABT","NOS",false,18.0,14.0,"Approved",
"Material","PM0015","Plumbing Material","1.1/2"" GI  Khila","packet",false,0.0,14.0,"Approved",
"Material","PM0587","Plumbing Material","2.1/2"" BRASS M.T","NOS",false,18.0,14.0,"Approved",
"Material","PM0466","Plumbing Material","110mm x 90mm reducer grey","Nos",false,18.0,14.0,"Approved",
"Material","PM0214","Plumbing Material","AGRI 50MM COUPLER - 10KG","NOS",false,0.0,14.0,"Approved",
"Material","PM0118","Plumbing Material","6'' Gray Pvc 6kg Pipe","NOS",false,0.0,14.0,"Approved",
"Material","PM0357","Plumbing Material","4""X3"" REDUCER","NOS",false,18.0,14.0,"Approved",
"Material","PM0294","Plumbing Material","4"" elbow 45","Nos",false,18.0,14.0,"Approved",
"Material","PM0390","Plumbing Material","1"" Upvc MABT (Brass)","Nos",false,18.0,14.0,"Approved",
"Material","PM0299","Plumbing Material","1.1/4"" Brass M.A.B.T","Nos",false,18.0,14.0,"Approved",
"Material","PM0475","Plumbing Material","1/2"" Brass M.A.B.T","Nos",false,18.0,14.0,"Approved",
"Material","PM0121","Plumbing Material","15mm Air Release Valve","NOS",false,18.0,14.0,"Approved",
"Material","PM0577","Plumbing Material","2"" TANK NIPPLE","NOS",false,18.0,14.0,"Approved",
"Material","PM0276","Plumbing Material","50mm grey elbow","Nos",false,0.0,14.0,"Approved",
"Material","PM0521","Plumbing Material","2.1/2"" X 2"" RED TEE","NOS",false,18.0,14.0,"Approved",
"Material","PM0014","Plumbing Material","10mm Wiser","NOS",false,0.0,14.0,"Approved",
"Material","PM0523","Plumbing Material","3/4 X 5"" GI NIPPLE","NOS",false,18.0,14.0,"Approved",
"Material","PM0512","Plumbing Material","6"" Door Tee","Nos",false,18.0,14.0,"Approved",
"Material","PM0213","Plumbing Material","SELFIT 50MM BEND 45""","NOS",false,0.0,14.0,"Approved",
"Material","PM0522","Plumbing Material","1"" X 3/4"" RED BUSHING","NOS",false,18.0,14.0,"Approved",
"Material","PM0446","Plumbing Material","1.1/4"" Elbow","Nos",false,18.0,14.0,"Approved",
"Material","PM0129","Plumbing Material","1/2"" Cpvc Long Bush","NOS",false,18.0,14.0,"Approved",
"Material","PM0444","Plumbing Material","15mm Brass F.A.B.T","Nos",false,18.0,14.0,"Approved",
"Material","PM0083","Plumbing Material","Upvc Coupling 2""","NOS",false,18.0,14.0,"Approved",
"Material","PM0524","Plumbing Material","8"" coupling","NOS",false,18.0,14.0,"Approved",
"Material","PM0332","Plumbing Material","1"" Upvc Step Over Bend","Nos",false,18.0,14.0,"Approved",
"Material","PM0117","Plumbing Material","Water Tanker 5000 Ltr","NOS",false,0.0,14.0,"Approved",
"Material","PM0045","Plumbing Material","1.1/4"" Endcap","NOS",false,18.0,14.0,"Approved",
"Material","PM0472","Plumbing Material","1/2"" Pipe","NOS",false,18.0,14.0,"Approved",
"Material","PM0461","Plumbing Material","160 mm sewer Pipe (SN 8, Orange Pipe)","Nos",false,18.0,14.0,"Approved",
"Material","PM0384","Plumbing Material","2"" U CLAMP","NOS",false,18.0,5.0,"Approved",
"Material","PM0198","Plumbing Material","SWR 110MM SINGLE ""Y""","NOS",false,18.0,14.0,"Approved",
"Material","PM0427","Plumbing Material","1.1/4"" PIPE","NOS",false,18.0,14.0,"Approved",
"Material","PM0141","Plumbing Material","1/2"" Upvc 45 Bend","NOS",false,18.0,14.0,"Approved",
"Material","PM0460","Plumbing Material","160MM COUPLER","Nos",false,18.0,14.0,"Approved",
"Material","PM0223","Plumbing Material","2"" Upvc Coupler","Nos",false,18.0,14.0,"Approved",
"Material","PM0526","Plumbing Material","4"" Butterfly Valve","Nos",false,18.0,14.0,"Approved",
"Material","PM0529","Plumbing Material","4"" Flange","Nos",false,18.0,14.0,"Approved",
"Material","PM0528","Plumbing Material","4"" long band","Nos",false,18.0,14.0,"Approved",
"Material","PM0527","Plumbing Material","4"" N R V","Nos",false,18.0,14.0,"Approved",
"Material","PM0046","Plumbing Material","1.1/4"" Pvc Elbow 45","NOS",false,18.0,14.0,"Approved",
"Material","PM0241","Plumbing Material","1/2"" Upvc Endcap","Nos",false,18.0,14.0,"Approved",
"Material","PM0533","Plumbing Material","2"" Nut Bolt","Nos",false,18.0,5.0,"Approved",
"Material","PM0534","Plumbing Material","3"" Gasket","Nos",false,18.0,14.0,"Approved",
"Material","PM0535","Plumbing Material","3"" upvc flange","Nos",false,18.0,14.0,"Approved",
"Material","PM0530","Plumbing Material","4""  3"" socket","Nos",false,18.0,14.0,"Approved",
"Material","PM0531","Plumbing Material","4"" Gasket","Nos",false,18.0,14.0,"Approved",
"Material","PM0532","Plumbing Material","4"" Nut Bolt","Nos",false,18.0,5.0,"Approved",
"Material","PM0254","Plumbing Material","5 HP Openwell Pump","Nos",false,0.0,14.0,"Approved",
"Material","PM0469","Plumbing Material","1"" X 1/2"" BRASS TEE","NOS",false,18.0,14.0,"Approved",
"Material","PM0562","Plumbing Material","1/2"" X 3"" N.B.V","NOS",false,18.0,14.0,"Approved",
"Material","PM0224","Plumbing Material","2"" Upvc Long Bend","Nos",false,18.0,14.0,"Approved",
"Material","PM0539","Plumbing Material","3"" long band","Nos",false,18.0,14.0,"Approved",
"Material","PM0537","Plumbing Material","3"" MS pipe","FT",false,18.0,14.0,"Approved",
"Material","PM0536","Plumbing Material","3"" Nut Bolt","Nos",false,18.0,5.0,"Approved",
"Material","PM0540","Plumbing Material","3"" Reducer","Nos",false,18.0,5.0,"Approved",
"Material","PM0105","Plumbing Material","U Bolt 2.1/2"" (Coated)","NOS",false,18.0,5.0,"Approved",
"Material","PM0480","Plumbing Material","1"" X 1/2"" Reducer","Nos",false,18.0,14.0,"Approved",
"Material","PM0271","Plumbing Material","1.1/4"" U-clamp","Nos",false,18.0,14.0,"Approved",
"Material","PM0563","Plumbing Material","1/2"" X 3"" SS NUT BOLT","NOS",false,18.0,5.0,"Approved",
"Material","PM0387","Plumbing Material","2"" BALL VALVE","NOS",false,18.0,14.0,"Approved",
"Material","PM0391","Plumbing Material","2"" Upvc MABT (Brass)","Nos",false,18.0,14.0,"Approved",
"Material","PM0541","Plumbing Material","1"" CPVC F.T.","NOS",false,0.0,14.0,"Approved",
"Material","PM0542","Plumbing Material","3"" Wiser","Nos",false,0.0,5.0,"Approved",
"Material","PM0448","Plumbing Material","1.1/4"" Union","Nos",false,18.0,14.0,"Approved",
"Material","PM0064","Plumbing Material","2'' Upvc Tee","NOS",false,18.0,14.0,"Approved",
"Material","PM0543","Plumbing Material","4"" Hose Pipe (Heavy)","MTR",false,0.0,14.0,"Approved",
"Material","PM0545","Plumbing Material","Brass Connecter 1/2"" X 1/4""","Nos",false,0.0,14.0,"Approved",
"Material","PM0478","Plumbing Material","1"" X 3/4"" Reducer","Nos",false,18.0,14.0,"Approved",
"Material","PM0047","Plumbing Material","1.1/4"" Upvc 45 Bend","NOS",false,18.0,14.0,"Approved",
"Material","PM0546","Plumbing Material","Pressure gauge (2.1/2"" Dia) 1/4""","Nos",false,0.0,14.0,"Approved",
"Material","PM0406","Plumbing Material","2"" Baloon Clamp","Nos",false,18.0,5.0,"Approved",
"Material","PM0065","Plumbing Material","2'' Upvc Union","NOS",false,18.0,14.0,"Approved",
"Material","PM0544","Plumbing Material","Brass NRV  2"" (Vertical)","Nos",false,18.0,14.0,"Approved",
"Material","PM0369","Plumbing Material","Washer","Kg",false,18.0,5.0,"Approved",
"Material","PM0547","Plumbing Material","Upvc MTA 1/2""","Nos",false,0.0,14.0,"Approved",
"Material","PM0082","Plumbing Material","Upvc 1/2"" Prestige Ball Valve","NOS",false,0.0,14.0,"Approved",
"Material","PM0553","Plumbing Material","1"" FTA","NOS",false,0.0,14.0,"Approved",
"Material","PM0586","Plumbing Material","3"" UPVC ELBOW","Nos",false,18.0,14.0,"Approved",
"Material","PM0552","Plumbing Material","1"" MTA","NOS",false,0.0,14.0,"Approved",
"Material","PM0550","Plumbing Material","BRASS SOLO NIDE","NOS",false,18.0,14.0,"Approved",
"Material","PM0309","Plumbing Material","1.1/4"" Upvc Brass M.A.B.T.","Nos",false,18.0,14.0,"Approved",
"Material","PM0376","Plumbing Material","2"" BEND 45","NOS",false,18.0,14.0,"Approved",
"Material","PM0555","Plumbing Material","2"" CHECK VALVE","Nos",false,18.0,14.0,"Approved",
"Material","PM0308","Plumbing Material","2"" x 1"" Bushing","Nos",false,18.0,14.0,"Approved",
"Material","PM0554","Plumbing Material","GI C - CLAMP 2""","NOS",false,18.0,14.0,"Approved",
"Material","PM0551","Plumbing Material","PRESSURE RELEASE VALVE","NOS",false,18.0,14.0,"Approved",
"Material","PM0548","Plumbing Material","Upvc FTA 1/2""","Nos",false,18.0,14.0,"Approved",
"Material","PM0549","Plumbing Material","Upvc MTA 1.1/2""","Nos",false,18.0,14.0,"Approved",
"Material","PM0221","Plumbing Material","160mm Orange Drainage pipe ( SN-4 ) 3Mtr","NOS",false,0.0,14.0,"Approved",
"Material","PM0212","Plumbing Material","SELFIT 50MM TEE","NOS",false,0.0,14.0,"Approved",
"Material","PM0304","Plumbing Material","2"" Elbow 45","Nos",false,18.0,14.0,"Approved",
"Material","PM0519","Plumbing Material","1"" x 3/4 Upvc Trans Bushing","Nos",false,18.0,14.0,"Approved",
"Material","PM0116","Plumbing Material","90 Handle Ball Valve 2"" F/F","NOS",false,0.0,14.0,"Approved",
"Material","PM0150","Plumbing Material","3"" Pvc Y","NOS",false,18.0,14.0,"Approved",
"Material","PM0010","Plumbing Material","10mm Bullet","NOS",false,18.0,14.0,"Approved",
"Material","PM0306","Plumbing Material","2"" end cap","Nos",false,18.0,14.0,"Approved",
"Material","PM0470","Plumbing Material","2"" X 1"" UPVC RED TEE","NOS",false,18.0,14.0,"Approved",
"Material","PM0615","Plumbing Material","4"" HOSE PIPE CLAMP","NOS",false,18.0,14.0,"Approved",
"Material","PM0716","Plumbing Material","110 MM DOOR ELBOW PVC","NOS",false,0.0,14.0,"Approved",
"Material","PM0454","Plumbing Material","2"" F.A.B.T","Nos",false,18.0,14.0,"Approved",
"Material","PM0495","Plumbing Material","2"" X 1.1/2"" REDUCER","NOS",false,18.0,14.0,"Approved",
"Material","PM0442","Plumbing Material","1.1/2"" Brass M.A.B.T","Nos",false,18.0,14.0,"Approved",
"Material","PM0013","Plumbing Material","10mm Threaded Rod 2Mtr.","NOS",false,18.0,14.0,"Approved",
"Material","PM0379","Plumbing Material","2"" LONG ELBOW","NOS",false,18.0,14.0,"Approved",
"Material","PM0431","Plumbing Material","2"" x 1.1/2"" TEE","NOS",false,18.0,14.0,"Approved",
"Material","PM0477","Plumbing Material","1.1/4"" x 1"" Reducer","Nos",false,18.0,14.0,"Approved",
"Material","PM0042","Plumbing Material","110 mm Gray Pvc D/s Pipe 10 ft","NOS",false,18.0,14.0,"Approved",
"Material","PM0557","Plumbing Material","4"" TEE","NOS",false,18.0,14.0,"Approved",
"Material","PM0455","Plumbing Material","2"" M.A.B.T","Nos",false,18.0,14.0,"Approved",
"Material","PM0484","Plumbing Material","2 X 1.1/2"" UPVC TEE","NOS",false,18.0,14.0,"Approved",
"Material","PM0556","Plumbing Material","4"" VALVE","NOS",false,18.0,14.0,"Approved",
"Material","PM0561","Plumbing Material","3"" RUBBER RING","NOS",false,18.0,14.0,"Approved",
"Material","PM0081","Plumbing Material","Upvc 1"" X1/2"" Reduce Bushing","NOS",false,18.0,14.0,"Approved",
"Material","PM0558","Plumbing Material","5/8"" X 4"" N.B.V","NOS",false,18.0,14.0,"Approved",
"Material","PM0253","Plumbing Material","7.5 HP Openwell Pump","Nos",false,0.0,14.0,"Approved",
"Material","PM0560","Plumbing Material","160mm SS Pipe","Nos",false,18.0,14.0,"Approved",
"Material","PM0290","Plumbing Material","110 X 75 RED. TEE","NOS",false,18.0,14.0,"Approved",
"Material","PM0559","Plumbing Material","160mm Door Bend","Nos",false,18.0,14.0,"Approved",
"Material","PM0493","Plumbing Material","2"" MTA","NOS",false,18.0,14.0,"Approved",
"Material","PM0329","Plumbing Material","2 x 1.1/4"" Bushing","Nos",false,18.0,14.0,"Approved",
"Material","PM0012","Plumbing Material","1.5"" x 2"" Aluminium Pipe","NOS",false,0.0,14.0,"Approved",
"Material","PM0570","Plumbing Material","3/4"" U- Clamp","Nos",false,18.0,14.0,"Approved",
"Material","PM0569","Plumbing Material","724 No upvc solution 237ml","Nos",false,18.0,14.0,"Approved",
"Material","PM0567","Plumbing Material","Gold matt T Patti","Nos",false,18.0,5.0,"Approved",
"Material","PM0568","Plumbing Material","NRV 6""","NOS",false,18.0,14.0,"Approved",
"Material","PM0211","Plumbing Material","SWR 75X4 DS PIPE","NOS",false,0.0,14.0,"Approved",
"Material","PM0190","Plumbing Material","Upvc Threaded End Plug 1/2","Nos",false,0.0,14.0,"Approved",
"Material","PM0063","Plumbing Material","2'' Upvc Tank Adapter Long","NOS",false,0.0,14.0,"Approved",
"Material","PM0566","Plumbing Material","1"" BRASS FUNCTION NOZEL","NOS",false,18.0,14.0,"Approved",
"Material","PM0272","Plumbing Material","1.1/2"" U - clamp","Nos",false,18.0,14.0,"Approved",
"Material","PM0473","Plumbing Material","1.1/4"" X 1/2"" Reducer","Nos",false,18.0,14.0,"Approved",
"Material","PM0564","Plumbing Material","1/2"" X 1/4"" BRASS BUSHING","NOS",false,18.0,14.0,"Approved",
"Material","PM0447","Plumbing Material","1.1/2"" UNION","Nos",false,18.0,14.0,"Approved",
"Material","PM0419","Plumbing Material","4"" SUCTION PIPE","MTR",false,18.0,14.0,"Approved",
"Material","PM0402","Plumbing Material","2"" Nipple","Nos",false,18.0,5.0,"Approved",
"Material","PM0572","Plumbing Material","Tile insert chamber (600mmx600mm)","Nos",false,0.0,14.0,"Approved",
"Material","PM0571","Plumbing Material","75MM SWR SS PIPE 10'","NOS",false,18.0,14.0,"Approved",
"Material","PM0574","Plumbing Material","GULLY TRAPE 100mm X 100mm","NOS",false,18.0,14.0,"Approved",
"Material","PM0573","Plumbing Material","GULLY TRAPE 150mm X 225mm","Nos",false,18.0,14.0,"Approved",
"Material","PM0115","Plumbing Material","90 Handle Ball Valve 1.1/4"" F/F","NOS",false,0.0,14.0,"Approved",
"Material","PM0275","Plumbing Material","3/4"" cpvc MABT","Nos",false,18.0,14.0,"Approved",
"Material","PM0580","Plumbing Material","CURRING PIPE 20MM (50 MTR)","NOS",false,0.0,14.0,"Approved",
"Material","PM0240","Plumbing Material","1/2'' Upvc Ball Valve (MS Handle)","Nos",false,0.0,14.0,"Approved",
"Material","PM0363","Plumbing Material","1"" NIPPLE","NOS",false,18.0,14.0,"Approved",
"Material","PM0313","Plumbing Material","1.1/2"" Upvc Brass F.A.B.T.","Nos",false,18.0,14.0,"Approved",
"Material","PM0310","Plumbing Material","2"" PIPE","Nos",false,18.0,14.0,"Approved",
"Material","PM0210","Plumbing Material","75X10 SS PIPE","NOS",false,0.0,14.0,"Approved",
"Material","PM0159","Plumbing Material","4"" Pvc Pipe (10ft)","NOS",false,18.0,14.0,"Approved",
"Material","PM0233","Plumbing Material","63 X 6 KG AGRI PIPE ( 6 Mtr )","Nos",false,0.0,14.0,"Approved",
"Material","PM0114","Plumbing Material","90 Handle Ball Valve 1.1/2"" F/F","NOS",false,0.0,14.0,"Approved",
"Material","PM0225","Plumbing Material","105 Pvc Solution 500ml","Nos",false,0.0,14.0,"Approved",
"Material","PM0689","Plumbing Material","50 X 110MM GREY PVC BUSHING","NOS",false,18.0,14.0,"Approved",
"Material","PM0036","Plumbing Material","1"" Upvc Sch-40 Pipe 10ft","NOS",false,18.0,14.0,"Approved",
"Material","PM0690","Plumbing Material","75 MM PVC ELBOW","NOS",false,18.0,14.0,"Approved",
"Material","PM0691","Plumbing Material","2"" Z Patti","Nos",false,18.0,5.0,"Approved",
"Material","PM0011","Plumbing Material","10mm Nut","NOS",false,18.0,14.0,"Approved",
"Material","PM0692","Plumbing Material","75MM SWEPT TEE","NOS",false,18.0,14.0,"Approved",
"Material","PM0693","Plumbing Material","50MM SOCKET PVC","NOS",false,18.0,14.0,"Approved",
"Material","PM0694","Plumbing Material","25MM SOCKET PVC","NOS",false,18.0,14.0,"Approved",
"Material","PM0695","Plumbing Material","75MM DS PIPE 8FT","NOS",false,18.0,14.0,"Approved",
"Material","PM0096","Plumbing Material","Upvc Resin Solution 250ml","NOS",false,0.0,14.0,"Approved",
"Material","PM0292","Plumbing Material","110MM END CAP (6KG) - AGRI","NOS",false,18.0,14.0,"Approved",
"Material","PM0636","Plumbing Material","1.1/4"" UPVC End Cap","NOS",false,18.0,14.0,"Approved",
"Material","PM0173","Plumbing Material","4"" to 3"" Y","NOS",false,0.0,14.0,"Approved",
"Material","PM0031","Plumbing Material","Abrow Tape 2"" Heavy Bundle","NOS",false,0.0,14.0,"Approved",
"Material","PM0168","Plumbing Material","3""  Pvc Pipe","NOS",false,18.0,14.0,"Approved",
"Material","PM0700","Plumbing Material","TILE INSERT 4""x4""","NOS",false,0.0,14.0,"Approved",
"Material","PM0701","Plumbing Material","TILE INSERT REVERSIBLE","NOS",false,0.0,14.0,"Approved",
"Material","PM0167","Plumbing Material","2.5"" Gpvc Pipe","NOS",false,0.0,14.0,"Approved",
"Material","PM0293","Plumbing Material","75MM END CAP (6KG) - AGRI","NOS",false,18.0,14.0,"Approved",
"Material","PM0703","Plumbing Material","10mm  fast nut","NOS",false,0.0,5.0,"Approved",
"Material","PM0708","Plumbing Material","4"" MS FLANGE","NOS",false,18.0,14.0,"Approved",
"Material","PM0704","Plumbing Material","1.5"" jasti khila","Kg",false,0.0,14.0,"Approved",
"Material","PM0706","Plumbing Material","2"" jasti khila","Kg",false,0.0,5.0,"Approved",
"Material","PM0712","Plumbing Material","4""  GI ELBOW","NOS",false,18.0,14.0,"Draft",
"Material","PM0709","Plumbing Material","2"" MS FLANGE","NOS",false,18.0,14.0,"Approved",
"Material","PM0713","Plumbing Material","4"" GI TEE","NOS",false,18.0,14.0,"Approved",
"Material","PM0705","Plumbing Material","2.5"" jasti khila","Kg",false,0.0,5.0,"Approved",
"Material","PM0707","Plumbing Material","4"" STRAINER Y","NOS",false,18.0,14.0,"Approved",
"Material","PM0710","Plumbing Material","2"" CI BUTTERFLY VALVE","NOS",false,18.0,14.0,"Approved",
"Material","PM0295","Plumbing Material","3"" Elbow 45","Nos",false,18.0,14.0,"Approved",
"Material","PM0711","Plumbing Material","1/2"" X 4""  D-SHACKLE NUT BOLT","NOS",false,18.0,5.0,"Draft",
"Material","PM0714","Plumbing Material","1/2"" X 2""  NUT BOLT","NOS",false,18.0,5.0,"Approved",
"Material","PM0715","Plumbing Material","2"" RUBBER RING","NOS",false,18.0,14.0,"Draft",
"Material","PM0718","Plumbing Material","110 MM PVC Y TEE","NOS",false,0.0,14.0,"Approved",
"Material","PM0719","Plumbing Material","75 MM DOOR ELBOW PVC","NOS",false,0.0,14.0,"Approved",
"Material","PM0720","Plumbing Material","75 MM DOOR TEE PVC","NOS",false,0.0,14.0,"Approved",
"Material","PM0723","Plumbing Material","3/4""X 3/4"" CPVC RADIAIN BUSHING","NOS",false,0.0,14.0,"Approved",
"Material","PM0176","Plumbing Material","6"" Elbow","NOS",false,18.0,14.0,"Approved",
"Material","PM0725","Plumbing Material","GI Puddle Flange (100mm Type-B)","NOS",false,0.0,14.0,"Approved",
"Material","PM0724","Plumbing Material","GI Puddle Flange (100mm Type-A)","NOS",false,0.0,14.0,"Approved",
"Material","PM0726","Plumbing Material","GI Puddle Flange (50mm Type-A)","NOS",false,0.0,14.0,"Approved",
"Material","PM0727","Plumbing Material","3/4"" UPVC 45 ELBOW","NOS",false,0.0,14.0,"Approved",
"Material","PM0729","Plumbing Material","1.1/2"" UPVC BALL VALVE","NOS",false,0.0,14.0,"Approved",
"Material","PM0730","Plumbing Material","1"" X 3/4"" UPVC BUSHING","NOS",false,0.0,14.0,"Approved",
"Material","PM0731","Plumbing Material","1.1/2"" X 1/2"" UPVC BUSHING","NOS",false,0.0,14.0,"Approved",
"Material","PM0732","Plumbing Material","1.1/4"" X 3/4"" UPVC BUSHING","NOS",false,0.0,14.0,"Approved",
"Material","PM0733","Plumbing Material","1.1/4"" UPVC UNION","NOS",false,0.0,14.0,"Approved",
"Material","PM0734","Plumbing Material","1/2"" upvc ball valve","NOS",false,0.0,14.0,"Approved",
"Material","PM0735","Plumbing Material","3"" 9 HALL Z PATTI","NOS",false,0.0,5.0,"Approved",
"Material","PM0184","Plumbing Material","Upvc 3/4"" x 1/2"" brass elbow","Nos",false,0.0,14.0,"Approved",
"Material","PM0736","Plumbing Material","3"" 3 HALL Z PATTI","NOS",false,0.0,5.0,"Approved",
"Material","PM0739","Plumbing Material","3"" 6 HALL Z PATTI","NOS",false,0.0,5.0,"Approved",
"Material","PM0737","Plumbing Material","3"" 4 HALL Z PATTI","NOS",false,0.0,5.0,"Approved",
"Material","PM0738","Plumbing Material","3"" 12 HALL Z PATTI","NOS",false,0.0,5.0,"Approved",
"Material","PM0742","Plumbing Material","3"" 16 HALL Z PATTI","NOS",false,0.0,5.0,"Approved",
"Material","PM0740","Plumbing Material","3"" 2 HALL Z PATTI","NOS",false,0.0,5.0,"Approved",
"Material","PM0744","Plumbing Material","6"" 4 HALL Z PATTI","NOS",false,0.0,5.0,"Approved",
"Material","PM0741","Plumbing Material","3"" 24 HALL Z PATTI","NOS",false,0.0,5.0,"Approved",
"Material","PM0743","Plumbing Material","3"" 8 HALL Z PATTI","NOS",false,0.0,5.0,"Approved",
"Material","PM0745","Plumbing Material","CT Pan (20""x16"")","NOS",false,0.0,14.0,"Approved",
"Material","PM0746","Plumbing Material","110 mm PVC Pipe","Nos",false,18.0,14.0,"Approved",
"Material","PM0748","Plumbing Material","140mm PVC Pipe","Nos",false,18.0,14.0,"Approved",
"Material","PM0259","Plumbing Material","75MM Canvas Pipe Rubber Coated","MTR",false,0.0,14.0,"Approved",
"Material","PM0302","Plumbing Material","4"" End cap","Nos",false,18.0,14.0,"Approved",
"Material","PM0351","Plumbing Material","6"" Y - TEE","NOS",false,18.0,14.0,"Approved",
"Material","PM0598","Plumbing Material","2"" SOLENOID VALVE","NOS",false,18.0,14.0,"Approved",
"Material","PM0303","Plumbing Material","1.1/2"" upvc pipe","Nos",false,18.0,14.0,"Approved",
"Material","PM0358","Plumbing Material","3"" X 50mm REDUCER","NOS",false,18.0,14.0,"Approved",
"Material","PM0095","Plumbing Material","Upvc 1"" Sch - 80 Pipe","NOS",false,0.0,14.0,"Approved",
"Material","PM0464","Plumbing Material","3"" FTA","NOS",false,18.0,14.0,"Approved",
"Material","PM0483","Plumbing Material","SBR CHEMICAL - 20LTR","Bucket",false,18.0,14.0,"Approved",
"Material","PM0026","Plumbing Material","6"" U Bolt Coated","NOS",false,18.0,5.0,"Approved",
"Material","PM0298","Plumbing Material","4""x 3 Nahani trap","Nos",false,18.0,14.0,"Approved",
"Material","PM0170","Plumbing Material","6"" Pvc Pipe","NOS",false,18.0,14.0,"Approved",
"Material","PM0163","Plumbing Material","3"" Pvc Pipe (10ft)","NOS",false,18.0,14.0,"Approved",
"Material","PM0385","Plumbing Material","1"" U CLAMP","NOS",false,18.0,5.0,"Approved",
"Material","PM0599","Plumbing Material","160MM END CAP","NOS",false,18.0,14.0,"Approved",
"Material","PM0602","Plumbing Material","3/4"" FLEXIBLE PIPE","MTR",false,18.0,14.0,"Approved",
"Material","PM0603","Plumbing Material","4"" 3"" upvc tee","Nos",false,18.0,14.0,"Approved",
"Material","PM0258","Plumbing Material","Curring Pipe 20mm 30 Mtr","NOS",false,0.0,14.0,"Approved",
"Material","PM0465","Plumbing Material","3"" MTA","NOS",false,18.0,14.0,"Approved",
"Material","PM0314","Plumbing Material","1.1/4 Upvc Brass M.A.B.T","Nos",false,0.0,14.0,"Approved",
"Material","PM0162","Plumbing Material","4"" DS Pipe 6'","NOS",false,18.0,14.0,"Approved",
"Material","PM0319","Plumbing Material","6"" Z PATTI (12 HOLE)","Nos",false,18.0,5.0,"Approved",
"Material","PM0312","Plumbing Material","3"" upvc ""Y""","Nos",false,0.0,14.0,"Approved",
"Material","PM0098","Plumbing Material","Suction Pipe 32mm (1.25 inch)","NOS",false,0.0,14.0,"Approved",
"Material","PM0059","Plumbing Material","160mm Grey Pvc Pipe 6kg","NOS",false,0.0,14.0,"Approved",
"Material","PM0025","Plumbing Material","6"" Bracket G Rubber Clamp","NOS",false,0.0,14.0,"Approved",
"Material","PM0655","Plumbing Material","2"" ELBOW UPVC","NOS",false,18.0,14.0,"Approved",
"Material","PM0656","Plumbing Material","UPVC 2"" FABT","NOS",false,18.0,14.0,"Approved",
"Material","PM0658","Plumbing Material","AGRI 75MM MTA (6KG)","NOS",false,18.0,14.0,"Approved",
"Material","PM0660","Plumbing Material","UPVC 1.1/2"" COUPLER","NOS",false,18.0,14.0,"Approved",
"Material","PM0661","Plumbing Material","GI NIPPLE 2"" X 6""","NOS",false,18.0,14.0,"Approved",
"Material","PM0662","Plumbing Material","160X6 KG AGRI PIPE (3mtr)","NOS",false,18.0,14.0,"Approved",
"Material","PM0070","Plumbing Material","4"" Pvc Coated U Bolt","NOS",false,0.0,5.0,"Approved",
"Material","PM0181","Plumbing Material","6"" U clamp","NOS",false,18.0,5.0,"Approved",
"Material","PM0318","Plumbing Material","4"" Z PATTI (3 HOLE)","Nos",false,0.0,5.0,"Approved",
"Material","PM0128","Plumbing Material","3/4"" Cpvc Cross Over","NOS",false,18.0,14.0,"Approved",
"Material","PM0317","Plumbing Material","4"" Z PATTI (9 HOLE)","Nos",false,18.0,5.0,"Approved",
"Material","PM0321","Plumbing Material","4"" Z PATTI (12 HOLE)","Nos",false,18.0,5.0,"Approved",
"Material","PM0333","Plumbing Material","1"" Upvc Coupling","Nos",false,18.0,14.0,"Approved",
"Material","PM0327","Plumbing Material","4"" Z PATTI (8 HOLE)","Nos",false,0.0,5.0,"Approved",
"Material","PM0476","Plumbing Material","1.1/2"" X 1.1/4"" Reducer","Nos",false,18.0,14.0,"Approved",
"Material","PM0401","Plumbing Material","1.5"" Nipple","Nos",false,18.0,5.0,"Approved",
"Material","PM0324","Plumbing Material","4"" Z PATTI (10 HOLE)","Nos",false,0.0,5.0,"Approved",
"Material","PM0328","Plumbing Material","2"" Bend","Nos",false,18.0,14.0,"Approved",
"Material","PM0323","Plumbing Material","5"" Z PATTI (10 HOLE)","Nos",false,18.0,5.0,"Approved",
"Material","PM0029","Plumbing Material","Abro Tap 25mm x 20 Mtr","NOS",false,0.0,14.0,"Approved",
"Material","PM0749","Plumbing Material","1"" X 1"" BRASS TEE","NOS",false,18.0,14.0,"Approved",
"Material","PM0474","Plumbing Material","3/4"" Elbow","Nos",false,0.0,14.0,"Approved",
"Material","PM0654","Plumbing Material","3 HP Pressure Pump","Nos",false,18.0,14.0,"Approved",
"Material","PM0182","Plumbing Material","2.5"" U clamp","NOS",false,0.0,5.0,"Approved",
"Material","PM0001","Plumbing Material","10'' Aldrop S.S.","NOS",false,0.0,14.0,"Approved",
"Material","PM0103","Plumbing Material","U Bolt 1/2"" (Coated)","NOS",false,0.0,5.0,"Approved",
"Material","PM0137","Plumbing Material","1/2"" Upvc Elbow","NOS",false,0.0,14.0,"Approved",
"Material","PM0663","Plumbing Material","GI U Clamp (With Nut & Washer)","Nos",false,18.0,5.0,"Approved",
"Material","PM0277","Plumbing Material","1/2"" upvc long butch","Nos",false,0.0,14.0,"Approved",
"Material","PM0062","Plumbing Material","2'' Upvc Sch-40 Piope 10ft","NOS",false,0.0,14.0,"Approved",
"Material","PM0664","Plumbing Material","237 ML SOLUTION AASTRAL - 705","NOS",false,18.0,14.0,"Approved",
"Material","PM0665","Plumbing Material","473ML PVC PRIMER","NOS",false,18.0,14.0,"Approved",
"Material","PM0667","Plumbing Material","GULLY TRAP 300 X 300","NOS",false,18.0,14.0,"Approved",
"Material","PM0666","Plumbing Material","TILE INSERT FLOOR TRAP 6 X 6 SS (steel)","Nos",false,18.0,14.0,"Approved",
"Material","PM0611","Plumbing Material","4"" GREEN PIPE (30 MTR)","BUNDLE",false,0.0,14.0,"Approved",
"Material","PM0669","Plumbing Material","1.1/2"" X 3/4"" UPVC RED TEE","NOS",false,18.0,14.0,"Approved",
"Material","PM0670","Plumbing Material","SPLIT CLAMP 2""","NOS",false,18.0,14.0,"Approved",
"Material","PM0673","Plumbing Material","C.P Extension Nipple","NOS",false,18.0,14.0,"Approved",
"Material","PM0671","Plumbing Material","100mm Dia GI Pipe C- Class","MTR",false,18.0,14.0,"Approved",
"Material","PM0033","Plumbing Material","Agri Pvc Pipe 160mm 10kg","NOS",false,0.0,14.0,"Approved",
"Material","PM0672","Plumbing Material","80mm Dia GI Pipe (C-Class)","MTR",false,18.0,14.0,"Approved",
"Material","PM0177","Plumbing Material","3""Z Patti","NOS",false,18.0,5.0,"Approved",
"Material","PM0674","Plumbing Material","3/4"" Balloon Clamp","NOS",false,18.0,14.0,"Approved",
"Material","PM0135","Plumbing Material","3/4""  Upvc Cross Over","NOS",false,0.0,14.0,"Approved",
"Material","PM0677","Plumbing Material","2"" Hanger Clamps","Nos",false,18.0,14.0,"Approved",
"Material","PM0678","Plumbing Material","1"" Hanger Clamps","Nos",false,18.0,14.0,"Approved",
"Material","PM0676","Plumbing Material","1.5""  Hanger Clamps","Nos",false,18.0,14.0,"Approved",
"Material","PM0679","Plumbing Material","1.25""  X 0.75"" UPVC Reducer","NOS",false,18.0,14.0,"Approved",
"Material","PM0610","Plumbing Material","6"" Hanging  Clamp.","Nos",false,18.0,14.0,"Approved",
"Material","PM0185","Plumbing Material","Upvc 3/4"" FABT","Nos",false,0.0,14.0,"Approved",
"Material","PM0684","Plumbing Material","Chilli clamp 1/2""","NOS",false,0.0,5.0,"Draft",
"Material","PM0032","Plumbing Material","Agree Pipe Cts 4''","NOS",false,0.0,14.0,"Approved",
"Material","PM0685","Plumbing Material","Patti clamp 1/2""","NOS",false,0.0,5.0,"Draft",
"Material","PM0027","Plumbing Material","6'' S.S. Stoper","NOS",false,0.0,14.0,"Approved",
"Material","PM0343","Plumbing Material","1.1/4""Upvc Coupling","Nos",false,18.0,14.0,"Approved",
"Material","PM0686","Plumbing Material","25mm tee","NOS",false,0.0,14.0,"Draft",
"Material","PM0681","Plumbing Material","SOCKET  3/4""","Nos",false,0.0,14.0,"Approved",
"Material","PM0682","Plumbing Material","RISER 110X50MM","NOS",false,0.0,14.0,"Draft",
"Material","PM0683","Plumbing Material","TESTING PLUG","NOS",false,0.0,14.0,"Draft",
"Material","PM0687","Plumbing Material","GULLY TRAP 200X160 MM","NOS",false,18.0,14.0,"Approved",
"Material","PM0688","Plumbing Material","10X60  ANCHOR BOLT (PIN)","PCS",false,0.0,5.0,"Draft",
"Material","PM0202","Plumbing Material","SWR 110MM BEND 45""","NOS",false,18.0,14.0,"Approved",
"Material","PM0169","Plumbing Material","4"" Pvc Pipe","NOS",false,0.0,14.0,"Approved",
"Material","PM0315","Plumbing Material","3/4"" Cpvc Elbow 45","Nos",false,18.0,14.0,"Approved",
"Material","PM0750","Plumbing Material","1"" NRV Valve","NOS",false,18.0,14.0,"Draft",
"Material","PM0823","Plumbing Material","1x1 Earthing chamber Solid cover","NOS",false,0.0,8.0,"Approved",
"Material","PM0781","Plumbing Material","4"" UPVC Tee (Sch-80)","NOS",false,0.0,14.0,"Approved",
"Material","PM0826","Plumbing Material","18"" pvc pipe","NOS",false,18.0,14.0,"Approved",
"Material","PM0111","Plumbing Material","U Claimp Gi Coated 1.1/4""","NOS",false,18.0,5.0,"Approved",
"Material","PM0100","Plumbing Material","U Bolt 1"" (Coated)","NOS",false,0.0,5.0,"Approved",
"Material","PM0828","Plumbing Material","2.1/2 X 1.1/2  TEE SCH 80","NOS",false,0.0,8.0,"Approved",
"Material","PM0827","Plumbing Material","Dalli chamber 300x300","NOS",false,0.0,8.0,"Approved",
"Material","PM0066","Plumbing Material","25mm Elbow 90 10kg","NOS",false,18.0,14.0,"Approved",
"Material","PM0829","Plumbing Material","3""/2""/ upvc  tee","NOS",false,0.0,6.0,"Approved",
"Material","PM0830","Plumbing Material","2""/1""    upvc tee","NOS",false,0.0,6.0,"Approved",
"Material","PM0835","Plumbing Material","25 MM GREY PVC PIPE","NOS",false,0.0,12.0,"Approved",
"Material","PM0831","Plumbing Material","3""  chilli clamp","NOS",false,0.0,6.0,"Approved",
"Material","PM0834","Plumbing Material","10"" ORANGE PIPE","NOS",false,18.0,14.0,"Approved",
"Material","PM0832","Plumbing Material","2""  chilli clamp","NOS",false,0.0,6.0,"Approved",
"Material","PM0833","Plumbing Material","1""  chilli clamp","NOS",false,0.0,6.0,"Approved",
"Material","PM0913","Plumbing Material","4"" RUBBER WASHER","NOS",false,18.0,7.0,"Approved",
"Material","PM0836","Plumbing Material","50 MM GREY PVC PIPE","NOS",false,0.0,12.0,"Draft",
"Material","PM0779","Plumbing Material","1/2""  u clamp cpvc","NOS",false,0.0,14.0,"Approved",
"Material","PM0839","Plumbing Material","40 X 25 MM GREY PVC BUSHING","NOS",false,0.0,12.0,"Approved",
"Material","PM0838","Plumbing Material","40MM GREY PVC 45"" BEND","NOS",false,0.0,12.0,"Approved",
"Material","PM0837","Plumbing Material","40MM GREY PVC ELBOW","NOS",false,0.0,12.0,"Approved",
"Material","PM0840","Plumbing Material","40MM GREY PVC ENDCAP","NOS",false,0.0,12.0,"Approved",
"Material","PM0778","Plumbing Material","1"" u clamp cpvc","NOS",false,0.0,14.0,"Approved",
"Material","PM0841","Plumbing Material","75MM GREY PVC DS PIPE ( 3 FT )","NOS",false,0.0,12.0,"Approved",
"Material","PM0845","Plumbing Material","10 mm nut and washer","KGS",false,18.0,5.0,"Approved",
"Material","PM0842","Plumbing Material","1.25"" UPVC M TEE","NOS",false,0.0,12.0,"Approved",
"Material","PM0770","Plumbing Material","2.1/2"" X 2""  UPVC   BUSHING  SCH-40","NOS",false,0.0,14.0,"Approved",
"Material","PM0575","Plumbing Material","75mm Grey Pipe","Nos",false,18.0,14.0,"Approved",
"Material","PM0843","Plumbing Material","40MM GREY PVC Y TEE","NOS",false,18.0,12.0,"Approved",
"Material","PM0747","Plumbing Material","50mm PVC Pipe","Nos",false,18.0,14.0,"Approved",
"Material","PM0914","Plumbing Material","4"" GI 45 Bend","NOS",false,18.0,7.0,"Approved",
"Material","PM0680","Plumbing Material","3"" X 3"" SS Jali","NOS",false,18.0,14.0,"Approved",
"Material","PM0915","Plumbing Material","2"" hanging clamp","NOS",false,18.0,6.0,"Approved",
"Material","PM0648","Plumbing Material","2.1/2"" X 3"" UPVC RED BUSHING","NOS",false,18.0,14.0,"Approved",
"Material","PM0777","Plumbing Material","1.1/4""  u clamp cpvc","NOS",false,0.0,14.0,"Approved",
"Material","PM0844","Plumbing Material","8"" dia grey pvc pipe","NOS",false,0.0,12.0,"Approved",
"Material","PM0060","Plumbing Material","2'' Ball Valve","NOS",false,18.0,14.0,"Approved",
"Material","PM0846","Plumbing Material","2"" 1/2"" busing","NOS",false,0.0,12.0,"Approved",
"Material","PM0847","Plumbing Material","M Tee 1.1/2""","NOS",false,0.0,12.0,"Approved",
"Material","PM0848","Plumbing Material","1"" M tee","NOS",false,0.0,12.0,"Approved",
"Material","PM0852","Plumbing Material","8"" X 6"" PVC Y","NOS",false,0.0,12.0,"Approved",
"Material","PM0849","Plumbing Material","2"" upvc flange","NOS",false,0.0,12.0,"Approved",
"Material","PM0916","Plumbing Material","1/1.2"" hanging clamp","NOS",false,18.0,7.0,"Approved",
"Material","PM0856","Plumbing Material","6"" PVC TEE","NOS",false,0.0,12.0,"Approved",
"Material","PM0850","Plumbing Material","1.1/2""  2"" busing","NOS",false,0.0,12.0,"Approved",
"Material","PM0853","Plumbing Material","8"" X 4"" PVC Y","NOS",false,0.0,12.0,"Approved",
"Material","PM0851","Plumbing Material","2"" M Tee","NOS",false,0.0,12.0,"Approved",
"Material","PM0859","Plumbing Material","8"" U CLAMP","NOS",false,0.0,12.0,"Approved",
"Material","PM0854","Plumbing Material","6"" X 6"" PVC Y","NOS",false,0.0,12.0,"Approved",
"Material","PM0855","Plumbing Material","8"" X 6"" PVC BUSHING","NOS",false,0.0,12.0,"Approved",
"Material","PM0860","Plumbing Material","1/1/4"" CHILLI CLAMP","NOS",false,0.0,12.0,"Approved",
"Material","PM0858","Plumbing Material","8"" PVC END CAP","NOS",false,0.0,12.0,"Approved",
"Material","PM0857","Plumbing Material","8"" PVC TEE","NOS",false,0.0,12.0,"Approved",
"Material","PM0861","Plumbing Material","2.1/2  UPVC PIPE SCH 80","NOS",false,0.0,12.0,"Approved",
"Material","PM0862","Plumbing Material","2.1/2"" UPVC ELBOW","NOS",false,0.0,12.0,"Approved",
"Material","PM0863","Plumbing Material","2.1/2"" UPVC 45 ELBOW","NOS",false,0.0,12.0,"Approved",
"Material","PM0864","Plumbing Material","2"" FLANGE","NOS",false,0.0,12.0,"Approved",
"Material","PM0869","Plumbing Material","1.1/2  1"" Upvc Tee","NOS",false,0.0,12.0,"Approved",
"Material","PM0865","Plumbing Material","2"" GASKET","NOS",false,0.0,12.0,"Approved",
"Material","PM0866","Plumbing Material","5"" X 12 MM BOLT WITH NUT","NOS",false,0.0,12.0,"Approved",
"Material","PM0917","Plumbing Material","1/1.4"" hanging clamp","NOS",false,18.0,6.0,"Approved",
"Material","PM0867","Plumbing Material","2.1/2"" X 2"" UPVC TEE","NOS",false,0.0,12.0,"Approved",
"Material","PM0872","Plumbing Material","4"" Cleanout Pipe","NOS",false,0.0,12.0,"Approved",
"Material","PM0868","Plumbing Material","F Tee 2"" Upvc Tee","NOS",false,0.0,12.0,"Approved",
"Material","PM0870","Plumbing Material","1X1/2"" CHILLI CLAMP","NOS",false,0.0,12.0,"Approved",
"Material","PM0874","Plumbing Material","110 MM ORANGE DRAINAGE PIPE SN4","NOS",false,18.0,14.0,"Approved",
"Material","PM0871","Plumbing Material","6"" Cleanout Pipe","NOS",false,0.0,12.0,"Approved",
"Material","PM0873","Plumbing Material","6""x4"" Red. Plain Tee","NOS",false,0.0,12.0,"Approved",
"Material","PM0875","Plumbing Material","NRV valve 2""","NOS",false,0.0,12.0,"Approved",
"Material","PM0876","Plumbing Material","16 mm * 6"" long bolt with nut","NOS",false,18.0,4.0,"Approved",
"Material","PM0138","Plumbing Material","1/2"" Upvc FABT","NOS",false,0.0,14.0,"Approved",
"Material","PM0774","Plumbing Material","Waste Coupling 3""","Nos",false,0.0,14.0,"Approved",
"Material","PM0165","Plumbing Material","3"" DS Pipe 4'","NOS",false,18.0,14.0,"Approved",
"Material","PM0166","Plumbing Material","3"" DS Pipe 6'","NOS",false,18.0,14.0,"Approved",
"Material","PM0080","Plumbing Material","Upvc 1"" Sch-40 Pipe 10ft","NOS",false,0.0,14.0,"Approved",
"Material","PM0405","Plumbing Material","1"" Baloon Clamp","Nos",false,18.0,5.0,"Approved",
"Material","PM0578","Plumbing Material","SS JALI 6"" X 6""","NOS",false,18.0,14.0,"Approved",
"Material","PM0239","Plumbing Material","1/2"" Upvc Coupler","Nos",false,0.0,14.0,"Approved",
"Material","PM0052","Plumbing Material","1.1/4""x 1/2"" Bushing","NOS",false,18.0,14.0,"Approved",
"Material","PM0576","Plumbing Material","100mm Grey Pipe","Nos",false,18.0,14.0,"Approved",
"Material","PM0113","Plumbing Material","90 Handle Ball Valve 1"" F/F","NOS",false,0.0,14.0,"Approved",
"Material","PM0584","Plumbing Material","NON RETURN VALVE 3""","NOS",false,18.0,14.0,"Approved",
"Material","PM0297","Plumbing Material","1"" Elbow 45","Nos",false,18.0,14.0,"Approved",
"Material","PM0520","Plumbing Material","1"" Flexible Pipe","MTR",false,18.0,14.0,"Approved",
"Material","PM0209","Plumbing Material","SWR 110X4 DS PIPE","NOS",false,18.0,14.0,"Approved",
"Material","PM0360","Plumbing Material","4"" P-TRAP","NOS",false,18.0,14.0,"Approved",
"Material","PM0147","Plumbing Material","2"" Pvc Coupler","NOS",false,0.0,14.0,"Approved",
"Material","PM0614","Plumbing Material","4"" HOSE PIPE CONNECTOR","NOS",false,18.0,14.0,"Approved",
"Material","PM0208","Plumbing Material","SWR 110X10 SS PIPE","NOS",false,0.0,14.0,"Approved",
"Material","PM0146","Plumbing Material","3"" Pvc Coupler","NOS",false,0.0,14.0,"Approved",
"Material","PM0219","Plumbing Material","2HP 3PH Pump","NOS",false,0.0,14.0,"Approved",
"Material","PM0112","Plumbing Material","U Clamp Gi Coted 1""","NOS",false,18.0,5.0,"Approved",
"Material","PM0078","Plumbing Material","Grey Pvc Pipe 2ft Long","NOS",false,0.0,14.0,"Approved",
"Material","PM0043","Plumbing Material","1.1/2""x1.1/4"" Upvc Reduce Tee","NOS",false,0.0,14.0,"Approved",
"Material","PM0799","Plumbing Material","105 Pvc Solution","NOS",false,0.0,10.0,"Approved",
"Material","PM0244","Plumbing Material","1.1/2"" Upvc MABT","Nos",false,18.0,14.0,"Approved",
"Material","PM0232","Plumbing Material","AGRI 110MM ELBOW ( 6 KG )","Nos",false,18.0,14.0,"Approved",
"Material","PM0171","Plumbing Material","4"" Elbow","NOS",false,18.0,14.0,"Approved",
"Material","PM0252","Plumbing Material","2 HP 3PH Monolock Centrifugal Pump","Nos",false,0.0,14.0,"Approved",
"Material","PM0077","Plumbing Material","Grey Pvc 160mm Vent Cowl","NOS",false,18.0,14.0,"Approved",
"Material","PM0218","Plumbing Material","0.5HP 1PH Pressure Pump","NOS",false,0.0,14.0,"Approved",
"Material","PM0145","Plumbing Material","4"" Pvc Coupler","NOS",false,18.0,14.0,"Approved",
"Material","PM0359","Plumbing Material","4"" BEND 45","NOS",false,18.0,14.0,"Approved",
"Material","PM0236","Plumbing Material","1.1/2"" Sch-40 Pipe","Nos",false,0.0,14.0,"Approved",
"Material","PM0230","Plumbing Material","90MM LONG BEND FAB. 6KG","Nos",false,0.0,14.0,"Approved",
"Material","PM0217","Plumbing Material","1000 Ltr Water Tank","NOS",false,0.0,14.0,"Approved",
"Material","PM0076","Plumbing Material","Grey Pvc 160mm Coupler","NOS",false,0.0,14.0,"Approved",
"Material","PM0613","Plumbing Material","4"" GREEN SUCTION PIPE","MTR",false,18.0,14.0,"Approved",
"Material","PM0041","Plumbing Material","1'cpvc Mapt Plastic'","NOS",false,0.0,20.0,"Approved",
"Material","PM0110","Plumbing Material","U Bolt Gi Coated 1.1/4""","NOS",false,0.0,5.0,"Approved",
"Material","PM0281","Plumbing Material","4"" 8 Hole Z patti","Nos",false,18.0,5.0,"Approved",
"Material","PM0144","Plumbing Material","25 x 20mm Red. Bushing","NOS",false,18.0,14.0,"Approved",
"Material","PM0235","Plumbing Material","Flexible Hose - UV & FG for 5000 Ltr","Nos",false,0.0,14.0,"Approved",
"Material","PM0229","Plumbing Material","90 X 6 KG AGRI PIPE ( 6 Mtr )","Nos",false,0.0,14.0,"Approved",
"Material","PM0075","Plumbing Material","Grey Pvc160mm 45 Bend","NOS",false,0.0,14.0,"Approved",
"Material","PM0583","Plumbing Material","2"" X 1/2"" RED TEE","NOS",false,0.0,14.0,"Approved",
"Material","PM0040","Plumbing Material","1'' Upvc Mapt","NOS",false,0.0,14.0,"Approved",
"Material","PM0006","Plumbing Material","10000 Ltr Water Tank","NOS",false,0.0,14.0,"Approved",
"Material","PM0109","Plumbing Material","U Bolt 6"" (Gi Coated)","NOS",false,0.0,5.0,"Approved",
"Material","PM0206","Plumbing Material","SWR 75MM DOOR TEE","NOS",false,18.0,14.0,"Approved",
"Material","PM0243","Plumbing Material","1.1/2"" Upvc Union","Nos",false,18.0,14.0,"Approved",
"Material","PM0347","Plumbing Material","110mm Tee","Nos",false,18.0,14.0,"Approved",
"Material","PM0280","Plumbing Material","4"" 3 Hole Z patti","Nos",false,18.0,5.0,"Approved",
"Material","0003","Plumbing Material","1.1/2"" X 3/4"" Grey PVC Bushing (Flush Style-Push)","NOS",true,18.0,7.0,"Delete",
"Material","PM0097","Plumbing Material","PVC Jali Grey Heavy","NOS",false,0.0,14.0,"Approved",
"Material","PM0234","Plumbing Material","Installation Kit For Sintex 5000 Ltr tank","Nos",false,0.0,14.0,"Approved",
"Material","PM0228","Plumbing Material","PVC Ball Valve 20mm - GS","Nos",false,0.0,14.0,"Approved",
"Material","PM0621","Plumbing Material","6"" Z PATTI (3 HOLE)","Nos",false,18.0,5.0,"Approved",
"Material","PM0622","Plumbing Material","8"" Z PATTI (3 HOLE)","Nos",false,18.0,5.0,"Approved",
"Material","PM0624","Plumbing Material","3/4"" PVC Elbow","Nos",false,18.0,14.0,"Approved",
"Material","PM0625","Plumbing Material","3/4"" Bend 45","Nos",false,18.0,14.0,"Approved",
"Material","PM0623","Plumbing Material","3/4"" Tee","Nos",false,18.0,14.0,"Approved",
"Material","PM0108","Plumbing Material","U Bolt 6"" (Coated)","NOS",false,0.0,5.0,"Approved",
"Material","PM0142","Plumbing Material","20mm Pvc Elbow","NOS",false,0.0,14.0,"Approved",
"Material","PM0005","Plumbing Material","White Champa 8 to 10ft Long","NOS",false,0.0,14.0,"Approved",
"Material","PM0626","Plumbing Material","G.I Puddle Flange","Nos",false,18.0,14.0,"Approved",
"Material","PM0279","Plumbing Material","4"" 10 Hole Z patti","Nos",false,18.0,5.0,"Approved",
"Material","PM0628","Plumbing Material","Water Proofing Chemical URP","Lit",false,18.0,14.0,"Approved",
"Material","PM0635","Plumbing Material","1.1/4"" UPVC FABT","NOS",false,18.0,14.0,"Approved",
"Material","PM0227","Plumbing Material","AGRI 110MM  TEE (6KG)","Nos",false,0.0,14.0,"Approved",
"Material","PM0637","Plumbing Material","1.1/4"" X 2"" UPVC Tee","NOS",false,18.0,14.0,"Approved",
"Material","PM0638","Plumbing Material","2"" UPVC Pipe","NOS",false,18.0,14.0,"Approved",
"Material","PM0639","Plumbing Material","2"" UPVC 45 Elbow","NOS",false,18.0,14.0,"Approved",
"Material","PM0585","Plumbing Material","Upvc 1.1/4"" x 3/4"" Bushing","Nos",false,18.0,14.0,"Approved",
"Material","PM0004","Plumbing Material","White Champa Draght","NOS",false,0.0,14.0,"Approved",
"Material","PM0038","Plumbing Material","1'' Cpvc Coupler","NOS",false,0.0,14.0,"Approved",
"Material","PM0107","Plumbing Material","U Bolt 4"" (Coated)","NOS",false,18.0,5.0,"Approved",
"Material","PM0204","Plumbing Material","SWR 110X75 RED ""Y""","NOS",false,18.0,14.0,"Approved",
"Material","PM0226","Plumbing Material","110 X 6 KG Agri Pipe ( 6 mtr )","Nos",false,0.0,14.0,"Approved",
"Material","PM0641","Plumbing Material","200mm Drainage Pipe (SN8) (3 Mtr)","NOS",false,18.0,14.0,"Approved",
"Material","PM0642","Plumbing Material","200mm Drainage 90d Bend (SN8)","NOS",false,18.0,14.0,"Approved",
"Material","PM0643","Plumbing Material","200mm Drainage 45d Bend (SN8)","NOS",false,18.0,14.0,"Approved",
"Material","PM0644","Plumbing Material","PVC Cement Solution Heavy Duty","NOS",false,18.0,14.0,"Approved",
"Material","PM0072","Plumbing Material","50mm x 6Kgf Fit Pipe  3mtr.","NOS",false,18.0,14.0,"Approved",
"Material","PM0125","Plumbing Material","32mm Pressure Release Valve","NOS",false,18.0,14.0,"Approved",
"Material","PM0037","Plumbing Material","1""x1/2"" Reduce Tee","NOS",false,0.0,14.0,"Approved",
"Material","PM0197","Plumbing Material","20 x 10 kg  Agri Pipe (6mtr)","Nos",false,0.0,14.0,"Approved",
"Material","PM0612","Plumbing Material","4"" CLAMP","NOS",false,0.0,14.0,"Approved",
"Material","PM0187","Plumbing Material","Cpvc 3/4 Step Over Bend","Nos",false,18.0,14.0,"Approved",
"Material","PM0645","Plumbing Material","3"" UPVC PIPE SCH- 80","NOS",false,18.0,14.0,"Approved",
"Material","PM0646","Plumbing Material","DR.FIXIT SBR (20 LTR)","Bucket",false,18.0,14.0,"Approved",
"Material","PM0647","Plumbing Material","2.1/2"" MABT","NOS",false,0.0,14.0,"Approved",
"Material","PM0649","Plumbing Material","110 X 10 SS PIPE SWR (TYPE -A)","NOS",false,18.0,14.0,"Approved",
"Material","PM0650","Plumbing Material","75X6 DS PIPE","NOS",false,18.0,14.0,"Approved",
"Material","PM0582","Plumbing Material","50mm single ""Y""","Nos",false,0.0,14.0,"Approved",
"Material","PM0002","Plumbing Material","Spout Operated B Tap Round Shape","NOS",false,0.0,14.0,"Approved",
"Material","PM0028","Plumbing Material","9'' Rcc Drainage  Pipe","NOS",false,0.0,14.0,"Approved",
"Material","PM0651","Plumbing Material","GI Ball Valve","NOS",false,18.0,14.0,"Approved",
"Material","PM0652","Plumbing Material","6""X6"" Pvc Multi Floor Trap","NOS",false,18.0,14.0,"Approved",
"Material","PM0071","Plumbing Material","50mm Tee 6 Kg","NOS",false,0.0,14.0,"Approved",
"Material","PM0139","Plumbing Material","3/4"" x 1/2"" Upvc Red. Bushing","NOS",false,18.0,14.0,"Approved",
"Material","PM0653","Plumbing Material","Hose Clip","Nos",false,18.0,14.0,"Approved",
"Material","PM0172","Plumbing Material","3"" Elbow","NOS",false,18.0,14.0,"Approved",
"Material","PM0597","Plumbing Material","3"" X 2"" UPVC RED BUSHING","NOS",false,18.0,14.0,"Approved",
"Material","PM0481","Plumbing Material","42mm F.A.B.T","Nos",false,18.0,14.0,"Approved",
"Material","PM0822","Plumbing Material","1-1/2"" X 1-1/2' CHAMBER COVER","NOS",false,0.0,8.0,"Approved",
"Material","PM0468","Plumbing Material","1  wash coupling","Nos",false,0.0,14.0,"Approved",
"Material","PM0325","Plumbing Material","6"" Z PATTI (8 HOLE)","Nos",false,18.0,5.0,"Approved",
"Material","PM0488","Plumbing Material","WATER TANK - 7500 LTR","NOS",false,0.0,7.0,"Approved",
"Material","PM0600","Plumbing Material","50 MM PRESSURE RELEASE VALVE","NOS",false,18.0,14.0,"Approved",
"Material","PM0604","Plumbing Material","6' C - PATTI","NOS",false,18.0,5.0,"Approved",
"Material","PM0589","Plumbing Material","15MM CONNECTION PIPE","NOS",false,0.0,14.0,"Approved",
"Material","PM0490","Plumbing Material","2.1/2"" ELBOW 45","NOS",false,18.0,14.0,"Approved",
"Material","PM0482","Plumbing Material","42mm X 25mm BUSHING","Nos",false,18.0,14.0,"Approved",
"Material","PM0352","Plumbing Material","6""X4' Y - TEE","NOS",false,18.0,14.0,"Approved",
"Material","PM0251","Plumbing Material","2 HP Openwell Pump","Nos",false,0.0,14.0,"Approved",
"Material","PM0283","Plumbing Material","6 sq.mm x 4 core copper armound cable","MTR",false,18.0,14.0,"Approved",
"Material","PM0601","Plumbing Material","CABLE FLOAT SWITCH","NOS",false,18.0,14.0,"Approved",
"Material","PM0605","Plumbing Material","6"" X 4"" SWR ""Y""","NOS",false,18.0,14.0,"Approved",
"Material","PM0024","Plumbing Material","3mm Pvc Spacer","NOS",false,0.0,14.0,"Approved",
"Material","PM0337","Plumbing Material","1/4"" U- Clamp","Nos",false,0.0,14.0,"Approved",
"Material","PM0491","Plumbing Material","2.1/2"" ELBOW","NOS",false,18.0,14.0,"Approved",
"Material","PM0339","Plumbing Material","3"" Loft D/S Pipe","Nos",false,0.0,14.0,"Approved",
"Material","PM0289","Plumbing Material","75MM MT (6KG)","NOS",false,0.0,14.0,"Approved",
"Material","PM0338","Plumbing Material","4"" x 3"" Single ""Y""","Nos",false,18.0,14.0,"Approved",
"Material","PM0773","Plumbing Material","Pidifin 2K Chemical (30KG)","Kg",false,0.0,5.0,"Approved",
"Material","PM0266","Plumbing Material","1"" UPVC PIPE - 10FT","NOS",false,18.0,14.0,"Approved",
"Material","PM0267","Plumbing Material","1.1/4"" UPVC PIPE - 10FT","NOS",false,18.0,14.0,"Approved",
"Material","PM0471","Plumbing Material","1/2"" X 6"" GI NIPPLE","NOS",false,18.0,14.0,"Approved",
"Material","PM0775","Plumbing Material","SWR 75MM BEND 45""","NOS",false,18.0,14.0,"Approved",
"Material","PM0238","Plumbing Material","Upvc 1.1/2"" TEE","Nos",false,18.0,14.0,"Approved",
"Material","PM0008","Plumbing Material","105 Pvc Solution 1000ml","Bags",false,0.0,14.0,"Draft",
"Material","PM0538","Plumbing Material","4"" MS pipe","FT",false,18.0,14.0,"Approved",
"Material","PM0411","Plumbing Material","2"" 45 Bend","Nos",false,18.0,14.0,"Approved",
"Material","PM0237","Plumbing Material","Upvc 1.1/2"" Elbow","Nos",false,0.0,14.0,"Approved",
"Material","PM0898","Plumbing Material","2""  UNION","NOS",false,18.0,10.0,"Approved",
"Material","PM0900","Plumbing Material","UPVC HEAVY DUTY SOLUTION","NOS",false,18.0,7.0,"Approved",
"Material","PM0525","Plumbing Material","4"" flange type stainer","Nos",false,18.0,14.0,"Approved",
"Material","PM0802","Plumbing Material","4"" UPVC SCH-40 PIPE (10 FT)","NOS",false,18.0,0.0,"Delete",
"Material","PM0178","Plumbing Material","4"" Z Patti","NOS",false,18.0,5.0,"Approved",
"Material","PM0803","Plumbing Material","C Type Slotted Channel (12 Gauge-3 Mtr)","NOS",false,18.0,5.0,"Approved",
"Material","PM0058","Plumbing Material","1/2'' Ball Valve","NOS",false,18.0,14.0,"Approved",
"Material","PM0207","Plumbing Material","RUBBER LUBRICANT 500GM","NOS",false,18.0,14.0,"Approved",
"Material","PM0804","Plumbing Material","Hilti 10mm Bullet Fastener","NOS",false,18.0,14.0,"Approved",
"Material","PM0805","Plumbing Material","10 mm GI Nut","KGS",false,18.0,7.0,"Approved",
"Material","PM0806","Plumbing Material","10 mm Gi Washer","KGS",false,18.0,7.0,"Approved",
"Material","PM0451","Plumbing Material","3"" M.A.B.T","Nos",false,18.0,14.0,"Approved",
"Material","PM0143","Plumbing Material","50 x 25mm Red. Bushing","NOS",false,18.0,14.0,"Approved",
"Material","PM0901","Plumbing Material","6"" Clean out Plug","NOS",false,18.0,14.0,"Approved",
"Material","PM0757","Plumbing Material","GREASE TRAP","NOS",false,18.0,14.0,"Approved",
"Material","PM0180","Plumbing Material","4"" U Clamp","NOS",false,18.0,5.0,"Approved",
"Material","PM0404","Plumbing Material","1"" 45 BEND","NOS",false,18.0,14.0,"Approved",
"Material","PM0450","Plumbing Material","3/4"" Coupling","Nos",false,18.0,14.0,"Approved",
"Material","PM0640","Plumbing Material","1.1/2"" X 3/4"" UPVC Tee","Nos",false,18.0,14.0,"Approved",
"Material","PM0300","Plumbing Material","3/4"" Endcap","Nos",false,18.0,14.0,"Approved",
"Material","PM0354","Plumbing Material","4""X4"" Y-TEE","NOS",false,18.0,14.0,"Approved",
"Material","PM0508","Plumbing Material","110mm X 75mm Door Tee","Nos",false,18.0,14.0,"Approved",
"Material","PM0127","Plumbing Material","3/4"" 45 Cpvc Bend","NOS",false,18.0,14.0,"Approved",
"Material","PM0050","Plumbing Material","1.1/4"" Upvc Tee","NOS",false,18.0,14.0,"Approved",
"Material","PM0334","Plumbing Material","1"" Ball Valve","Nos",false,18.0,14.0,"Approved",
"Material","PM0270","Plumbing Material","3/4"" upvc ball valve","Nos",false,18.0,14.0,"Approved",
"Material","PM0205","Plumbing Material","SWR 110MM DOOR TEE","NOS",false,18.0,14.0,"Approved",
"Material","PM0581","Plumbing Material","50mm X 25 mm bushing gray pvc","Nos",false,0.0,14.0,"Approved",
"Material","PM0902","Plumbing Material","UPVC SOCKET 1/2","NOS",false,18.0,0.0,"Approved",
"Material","PM0755","Plumbing Material","chilli clamp 110mm","NOS",false,0.0,5.0,"Approved",
"Material","PM0756","Plumbing Material","chilli clamp 75mm","NOS",false,0.0,5.0,"Approved",
"Material","PM0753","Plumbing Material","4"" X 2"" UPVC Bushing","Nos",false,18.0,14.0,"Approved",
"Material","PM0511","Plumbing Material","25mm Elbow  45","Nos",false,18.0,14.0,"Approved",
"Material","PM0273","Plumbing Material","3/4"" upvc coupler","Nos",false,0.0,14.0,"Approved",
"Material","PM0061","Plumbing Material","2'' Upvc Coupler","NOS",false,18.0,14.0,"Approved",
"Material","PM0186","Plumbing Material","Upvc 3/4"" Tee","Nos",false,18.0,14.0,"Approved",
"Material","PM0754","Plumbing Material","1"" * 1/2"" Bushing CPVC","NOS",false,0.0,14.0,"Approved",
"Material","PM0897","Plumbing Material","3"" UPVC COUPLER","NOS",false,18.0,15.0,"Approved",
"Material","PM0751","Plumbing Material","MS DRAIN JALI - 6"" * 6""","NOS",false,0.0,14.0,"Approved",
"Material","PM0035","Plumbing Material","1"" Upvc Endcap","NOS",false,18.0,14.0,"Approved",
"Material","PM0899","Plumbing Material","2"" FAPT","NOS",false,18.0,7.0,"Approved",
"Material","PM0721","Plumbing Material","3/4"" 3/4"" BUSHING CPVC","NOS",false,0.0,14.0,"Approved",
"Material","PM0717","Plumbing Material","1"" UPVC China Clamp","NOS",false,18.0,14.0,"Approved",
"Material","PM0722","Plumbing Material","3/4"" UPVC China Clamp","NOS",false,18.0,14.0,"Approved",
"Material","PM0696","Plumbing Material","4"" x 3"" PVC Y-Tee","NOS",false,0.0,14.0,"Approved",
"Material","PM0697","Plumbing Material","75mm PVC Y-Tee","NOS",false,0.0,14.0,"Approved",
"Material","PM0699","Plumbing Material","3"" X 6' Z PATTI","NOS",false,0.0,5.0,"Approved",
"Material","PM0698","Plumbing Material","6"" X 6' Z PATTI","NOS",false,0.0,5.0,"Approved",
"Material","PM0133","Plumbing Material","3/4"" Cpvc Pipe (10ft.)","NOS",false,0.0,14.0,"Approved",
"Material","PM0039","Plumbing Material","1'' Upvc Coupler","NOS",false,18.0,14.0,"Approved",
"Material","PM0274","Plumbing Material","237 upvc solution","Nos",false,0.0,14.0,"Approved",
"Material","PM0056","Plumbing Material","1/2"" Cpvc Long Butch Thread","NOS",false,0.0,14.0,"Approved",
"Material","PM0152","Plumbing Material","4"" x 3"" Pvc Multi Floor Trap","NOS",false,18.0,14.0,"Approved",
"Material","PM0148","Plumbing Material","4"" Pvc 45 Bend","NOS",false,18.0,14.0,"Approved",
"Material","PM0094","Plumbing Material","Cpvc Solution 237ml","NOS",false,18.0,14.0,"Approved",
"Material","PM0069","Plumbing Material","3/4"" Cpvc Tee","NOS",false,18.0,14.0,"Approved",
"Material","PM0051","Plumbing Material","1.1/4""x1"" Bushing","NOS",false,18.0,14.0,"Approved",
"Material","PM0131","Plumbing Material","3/4"" x 1/2"" Cpvc FABT","NOS",false,18.0,14.0,"Approved",
"Material","PM0034","Plumbing Material","1"" Upvc Elbow","NOS",false,18.0,14.0,"Approved",
"Material","PM0231","Plumbing Material","105 Pvc Solution 250ml","Nos",false,18.0,14.0,"Approved",
"Material","PM0249","Plumbing Material","TEFLON TAP","Nos",false,18.0,5.0,"Approved",
"Material","PM0316","Plumbing Material","3/4"" Cpvc End Cap","Nos",false,18.0,14.0,"Approved",
"Material","PM0068","Plumbing Material","3/4"" Cpvc Sdr-11 Pipe 10ft","NOS",false,18.0,14.0,"Approved",
"Material","PM0073","Plumbing Material","Cpvc 3/4"" x 1/2"" Brass Elbow","NOS",false,18.0,14.0,"Approved",
"Material","PM0130","Plumbing Material","1/2"" x 3/4"" Cpvc MABT","NOS",false,18.0,14.0,"Approved",
"Material","PM0151","Plumbing Material","3"" Pvc 45 Bend","NOS",false,18.0,14.0,"Approved",
"Material","PM0132","Plumbing Material","3/4"" x 1/2"" Cpvc Brass Elbow","NOS",false,18.0,14.0,"Approved",
"Material","PM0020","Plumbing Material","205 Upvc Solution 237ml","NOS",false,18.0,14.0,"Approved",
"Material","PM0675","Plumbing Material","1.1/2"" X 3/4"" UPVC Bushing","NOS",false,18.0,14.0,"Approved",
"Material","PM0668","Plumbing Material","1.1/2"" Upvc FABT","Nos",false,18.0,14.0,"Approved",
"Material","PM0659","Plumbing Material","UPVC 1"" COUPLER","NOS",false,18.0,14.0,"Approved",
"Material","PM0633","Plumbing Material","3/4"" CPVC Passover","NOS",false,18.0,14.0,"Approved",
"Material","PM0634","Plumbing Material","1.1/4"" UPVC MABT","NOS",false,18.0,14.0,"Approved",
"Material","PM0630","Plumbing Material","1.1/2"" Grey PVC DS Pipe (10ft) - 6KgF","NOS",false,18.0,14.0,"Approved",
"Material","PM0632","Plumbing Material","1.1/2"" X 3/4"" Grey PVC Bushing - Flush Style-Push","NOS",false,18.0,14.0,"Approved",
"Material","PM0631","Plumbing Material","1.1/2"" Grey PVC Tee","NOS",false,18.0,14.0,"Approved",
"Material","PM0627","Plumbing Material","Water Proofing chemical LW+","Lit",false,18.0,14.0,"Approved",
"Material","PM0629","Plumbing Material","1.1/2"" Grey PVC Elbow","NOS",false,18.0,14.0,"Approved",
"Material","PM0620","Plumbing Material","7.5 HP Mud Pump","Nos",false,18.0,14.0,"Approved",
"Material","PM0222","Plumbing Material","2"" Sch-80 Pipe","Nos",false,18.0,14.0,"Approved",
"Material","PM0335","Plumbing Material","1"" End Cap","Nos",false,18.0,14.0,"Approved",
"Material","PM0044","Plumbing Material","1.1/2'' Upvc Coupler","NOS",false,18.0,14.0,"Approved",
"Material","PM0579","Plumbing Material","1.1/2"" X 1"" UPVC TEE","NOS",false,0.0,14.0,"Approved",
"Material","PM0191","Plumbing Material","1.1/4"" x 3/4"" Upvc Tee","Nos",false,18.0,14.0,"Approved",
"Material","PM0346","Plumbing Material","110mm Door Tee","Nos",false,18.0,14.0,"Approved",
"Material","PM0193","Plumbing Material","1.1/2"" Sch-80 Pipe","Nos",false,18.0,14.0,"Approved",
"Material","PM0518","Plumbing Material","1.1/4"" x 1"" Upvc Tee","Nos",false,18.0,7.0,"Approved",
"Material","PM0445","Plumbing Material","1.1/2"" Elbow","Nos",false,18.0,7.0,"Approved",
"Material","PM0380","Plumbing Material","1.1/2"" BALL VALVE","NOS",false,18.0,14.0,"Approved",
"Material","PM0374","Plumbing Material","1.1/2"" 45 BEND","NOS",false,18.0,14.0,"Approved",
"Material","PM0089","Plumbing Material","Waste Pipe Tukda","NOS",false,18.0,20.0,"Approved",
"Material","PM0049","Plumbing Material","1.1/4"" Upvc Elbow","NOS",false,18.0,20.0,"Approved",
"Material","PM0192","Plumbing Material","1"" x 3/4"" Upvc Tee","Nos",false,18.0,14.0,"Approved",
"Material","PM0048","Plumbing Material","1.1/4"" Upvc Coupler","NOS",false,18.0,14.0,"Approved",
"Material","PM0414","Plumbing Material","2"" x 1"" Tee","Nos",false,18.0,7.0,"Approved",
"Material","PM0467","Plumbing Material","1 X 3/4 bushing upvc","Nos",false,18.0,14.0,"Approved",
"Material","PM0194","Plumbing Material","1.1/4"" Sch-80 Pipe","Nos",false,18.0,14.0,"Approved",
"Material","PM0102","Plumbing Material","U Bolt 1.1/4"" (Coated)","NOS",false,18.0,5.0,"Approved",
"Material","PM0200","Plumbing Material","SWR 75MM DOOR BEND","NOS",false,18.0,14.0,"Approved",
"Material","PM0331","Plumbing Material","1"" Upvc Tee","Nos",false,18.0,14.0,"Approved",
"Material","PM0220","Plumbing Material","160mm orange drainage pipe ( SN-4 ) 6 Mtr","NOS",false,18.0,14.0,"Approved",
"Material","PM0336","Plumbing Material","1"" x 1"" Tee","Nos",false,18.0,14.0,"Approved",
"Material","PM0199","Plumbing Material","SWR 110MM DOOR BEND","NOS",false,18.0,14.0,"Approved",
"Material","PM0381","Plumbing Material","1.1/4"" BALL VALVE","NOS",false,18.0,14.0,"Approved",
"Material","PM0201","Plumbing Material","SWR  75MM SINGLE ""Y""","NOS",false,18.0,14.0,"Approved",
"Material","PM0420","Plumbing Material","4"" Pipe","Nos",false,18.0,14.0,"Approved",
"Material","PM0422","Plumbing Material","2.1/2"" Pipe","Nos",false,18.0,14.0,"Approved",
"Material","PM0516","Plumbing Material","UPVC 2"" X 1.1/2"" RED BUSHING","NOS",false,18.0,14.0,"Approved",
"Material","PM0416","Plumbing Material","75mm x 50mm Reduce Bushing","Nos",false,18.0,5.0,"Approved",
"Material","PM0003","Plumbing Material","S.S. Rackbolt for Wc","set",false,18.0,5.0,"Approved",
"Material","PM0183","Plumbing Material","CPVC 3/4 x 3/4 Trans Bushing","Nos",false,18.0,14.0,"Approved",
"Material","PM0514","Plumbing Material","Tile Insert jali (6x6)","Nos",false,18.0,14.0,"Approved",
"Material","PM0362","Plumbing Material","10mm THREADED ROD (4 FT)","NOS",false,0.0,5.0,"Approved",
"Material","PM0361","Plumbing Material","3"" PIPE","NOS",false,18.0,14.0,"Approved",
"Material","PM0350","Plumbing Material","4"" PIPE S/S (10 FT)","NOS",false,18.0,14.0,"Approved",
"Material","PM0342","Plumbing Material","4"" Vent Cowl","Nos",false,18.0,14.0,"Approved",
"Material","PM0341","Plumbing Material","3"" Vent Cowl","Nos",false,18.0,14.0,"Approved",
"Material","PM0800","Plumbing Material","75MM X 2.1/2 BUSHING","NOS",false,0.0,13.0,"Approved",
"Material","PM0812","Plumbing Material","6"" PVC Door Bend","NOS",false,18.0,14.0,"Approved",
"Material","PM0796","Plumbing Material","1"" Upvc Union","NOS",false,0.0,13.0,"Approved",
"Material","PM0154","Plumbing Material","50mm Pvc Elbow","NOS",false,18.0,20.0,"Approved",
"Material","PM0074","Plumbing Material","Cpvc Soltuion 237ml","NOS",false,18.0,14.0,"Approved",
"Material","PM0807","Plumbing Material","4"" Chili Clamp","NOS",false,18.0,7.0,"Approved",
"Material","PM0099","Plumbing Material","Suction Pipe Green 3''","MTR",false,0.0,14.0,"Approved",
"Material","PM0893","Plumbing Material","2"" X 4"" Z PATTI","NOS",false,0.0,6.0,"Approved",
"Material","PM0203","Plumbing Material","50X6 KG AGRI PIPE- 3MTR","NOS",false,0.0,14.0,"Approved",
"Material","PM0892","Plumbing Material","90 U CLAMP WITH NUT & WASHER","NOS",false,0.0,6.0,"Approved",
"Material","PM0434","Plumbing Material","2.1/2"" END CAP","NOS",false,18.0,3.0,"Approved",
"Material","PM0140","Plumbing Material","3/4"" Upvc 45 Bend","NOS",false,18.0,14.0,"Approved",
"Material","PM0188","Plumbing Material","Cpvc 3/4"" Coupler","Nos",false,0.0,14.0,"Approved",
"Material","PM0896","Plumbing Material","150 MM  PIPE","NOS",false,0.0,8.0,"Approved",
"Material","PM0894","Plumbing Material","10"" GREY PVC PIPE","NOS",false,0.0,10.0,"Approved",
"Material","PM0106","Plumbing Material","U Bolt 3/4"" (Coated)","NOS",false,18.0,5.0,"Approved",
"Material","PM0908","Plumbing Material","4"" Flexible pipe","BUNDLE",false,18.0,0.0,"Approved",
"Material","PM0811","Plumbing Material","4"" PVC Door Bend","NOS",false,18.0,14.0,"Approved",
"Material","PM0810","Plumbing Material","6"" X 4"" PVC Y Tee","NOS",false,18.0,14.0,"Approved",
"Material","PM0809","Plumbing Material","3"" Y PVC Tee","NOS",false,18.0,14.0,"Approved",
"Material","PM0808","Plumbing Material","6"" * 4"" PVC Bushing","NOS",false,18.0,14.0,"Approved",
"Material","PM0801","Plumbing Material","4"" UPVC SCH-40 PIPE [10 FT]","NOS",false,18.0,14.0,"Approved",
"Material","PM0087","Plumbing Material","Pvc Socket 1.1/4"" 0031","NOS",false,0.0,14.0,"Approved",
"Material","PM0093","Plumbing Material","Ex. Nipple 1/2""x6""","NOS",false,18.0,14.0,"Approved",
"Material","PM0021","Plumbing Material","3"" Bracket G Rubber Clamp","NOS",false,0.0,14.0,"Approved",
"Material","PM0895","Plumbing Material","250 MM COUPLER","NOS",false,0.0,10.0,"Approved",
"Material","PM0903","Plumbing Material","UPVC TEE 1/2""","NOS",false,18.0,0.0,"Approved",
"Material","PM0798","Plumbing Material","SADDLE CLAMP 5mm","NOS",false,0.0,4.0,"Approved",
"Material","PM0904","Plumbing Material","1/2 x 1/2 brass elbow UPVC","NOS",false,18.0,0.0,"Approved",
"Material","PM0909","Plumbing Material","3/4"" chiili clamp","NOS",false,18.0,6.0,"Approved",
"Material","PM0786","Plumbing Material","4"" UPVC Elbow (SCh-80)","NOS",false,0.0,14.0,"Approved",
"Material","PM0392","Plumbing Material","3X3 PVC Jali","Nos",false,0.0,14.0,"Approved",
"Material","PM0195","Plumbing Material","1"" Sch-80 Pipe","Nos",false,0.0,14.0,"Approved",
"Material","PM0134","Plumbing Material","3/4"" Upvc Pipe (10ft.)","NOS",false,18.0,20.0,"Approved",
"Material","PM0104","Plumbing Material","U Bolt 2"" (Coated)","NOS",false,0.0,5.0,"Approved",
"Material","PM0790","Plumbing Material","CURING PIPE","MTR",false,18.0,7.0,"Approved",
"Material","PM0785","Plumbing Material","4"" UPVC Butterfly Valve (Heavy Duty)","NOS",false,0.0,14.0,"Approved",
"Material","PM0795","Plumbing Material","140X6 Kg Agri Pipe - 3 Mtr","NOS",false,0.0,14.0,"Approved",
"Material","PM0479","Plumbing Material","3/4"" X 1/2"" Reducer","Nos",false,18.0,14.0,"Approved",
"Material","PM0905","Plumbing Material","1/2 x 1/2  FABT UPVC","NOS",false,18.0,0.0,"Approved",
"Material","PM0375","Plumbing Material","1"" BED 45","NOS",false,0.0,14.0,"Approved",
"Material","PM0911","Plumbing Material","8"" GI PIPE","Rn.ft",false,18.0,7.0,"Approved",
"Material","PM0907","Plumbing Material","Pvc solution 237ml","NOS",false,18.0,0.0,"Approved",
"Material","PM0910","Plumbing Material","3/4"" chapda clamp","NOS",false,18.0,6.0,"Approved",
"Material","PM0340","Plumbing Material","3"" Bend 45","Nos",false,18.0,14.0,"Approved",
"Material","PM0136","Plumbing Material","3/4"" Upvc Elbow","NOS",false,18.0,14.0,"Approved",
"Material","PM0813","Plumbing Material","24"" Tee","NOS",false,18.0,14.0,"Approved",
"Material","PM0794","Plumbing Material","1/2"" Brass Ball Valve","NOS",false,0.0,14.0,"Approved",
"Material","PM0783","Plumbing Material","4"" UPVC Pipe (Sch-80)","NOS",false,0.0,14.0,"Approved",
"Material","PM0814","Plumbing Material","24"" Elbow 90","NOS",false,18.0,14.0,"Approved",
"Material","PM0784","Plumbing Material","4"" UPVC Coupler (Sch-80)","NOS",false,0.0,14.0,"Approved",
"Material","PM0196","Plumbing Material","3/4""  SDR-11 Pipe","Nos",false,0.0,14.0,"Approved",
"Material","PM0189","Plumbing Material","Golden Clamp 1 25mm","doz",false,0.0,14.0,"Approved",
"Material","PM0815","Plumbing Material","75MM SWR Reverse Y","NOS",false,18.0,14.0,"Approved",
"Material","PM0101","Plumbing Material","U Bolt 1.1/2"" ( Coated)","NOS",false,0.0,5.0,"Approved",
"Material","PM0179","Plumbing Material","3"" U Clamp","NOS",false,18.0,5.0,"Approved",
"Material","PM0797","Plumbing Material","UPVC 2"" BRAS FABT","NOS",false,0.0,13.0,"Approved",
"Material","PM0793","Plumbing Material","3"" UPVC F.A.B.T.","NOS",false,0.0,14.0,"Approved",
"Material","PM0792","Plumbing Material","ZOLOTO CONTROL PANEL WITH SENSOR (230 V)","NOS",false,18.0,7.0,"Approved",
"Material","PM0787","Plumbing Material","4"" upvc sch 80 union","NOS",false,0.0,5.0,"Approved",
"Material","PM0817","Plumbing Material","WATER TANKER 15000 LTR","TRIP",false,0.0,0.0,"Approved",
"Material","PM0789","Plumbing Material","25mm GI Patti Clamp","NOS",false,0.0,6.0,"Approved",
"Material","PM0906","Plumbing Material","1/2 UPVC STEL OVER BEND","NOS",false,18.0,0.0,"Approved",
"Material","PM0782","Plumbing Material","4"" x 2.1/2"" UPVC Bushing (Sch-80)","NOS",false,0.0,14.0,"Approved",
"Material","PM0816","Plumbing Material","6"" UPVC PIPE SCH-80","NOS",false,18.0,14.0,"Approved",
"Material","PM0818","Plumbing Material","Pvc Floor Trap Jali  6x6","NOS",false,0.0,7.0,"Approved",
"Material","PM0009","Plumbing Material","Pvc Floor Trap Jali Grey 6x6","Sq.Ft.",false,18.0,14.0,"Draft",
"Material","PM0819","Plumbing Material","12mm x 3"" Nut with Washer and Bolt","NOS",false,0.0,6.0,"Approved",
"Material","PM0820","Plumbing Material","2.1/2"" Rubber Gasket","NOS",false,0.0,6.0,"Approved",
"Material","PM0174","Plumbing Material","2.5"" Tee","NOS",false,18.0,14.0,"Approved",
"Material","PM0067","Plumbing Material","3/4"" Cpvc Elbow","NOS",false,18.0,14.0,"Approved",
"Material","PM0791","Plumbing Material","ZOLOTO BUTTERFLY VALVE 40MM (ELECTRIC)","NOS",false,18.0,7.0,"Approved",
"Material","PM0912","Plumbing Material","4"" 'GI PIPE","Rn.ft",false,18.0,7.0,"Approved",
"Material","PM0788","Plumbing Material","75mm Gi Patti Clamp","NOS",false,0.0,6.0,"Approved",
"Material","PM0825","Plumbing Material","12"" Orange pipe","NOS",false,18.0,14.0,"Approved",
"Material","PM0824","Plumbing Material","2.12/x1.1/2 Tee sch 80","NOS",false,0.0,8.0,"Approved",
"Material","PM0821","Plumbing Material","2"" X 2"" CHAMBER COVER","NOS",false,0.0,8.0,"Approved",
"Material","PM0758","Plumbing Material","25MM GREY PVC ELBOW","NOS",false,18.0,14.0,"Approved",
"Material","PM0759","Plumbing Material","25MM GREY PVC ENDCAP","NOS",false,18.0,14.0,"Approved",
"Material","PM0877","Plumbing Material","3"" GREY PVC TEE","NOS",false,0.0,4.0,"Approved",
"Material","PM0311","Plumbing Material","200mm Drainage Pipe ( SN4)-","Nos",false,18.0,14.0,"Approved",
"Material","PM0780","Plumbing Material","Stainer 40 mm","NOS",false,0.0,14.0,"Approved",
"Material","PM0307","Plumbing Material","1.1/2"" x 1.1/4"" Bushing","Nos",false,18.0,14.0,"Approved",
"Material","PM0878","Plumbing Material","GULLY TRAP 9"" X 6''","NOS",false,18.0,7.0,"Approved",
"Material","PM0242","Plumbing Material","1.1/2"" X 1"" Upvc Red Bushing","Nos",false,18.0,14.0,"Approved",
"Material","PM0305","Plumbing Material","1.1/2"" End cap","Nos",false,18.0,14.0,"Approved",
"Material","PM0161","Plumbing Material","4"" DS Pipe 4'","NOS",false,18.0,14.0,"Approved",
"Material","PM0126","Plumbing Material","3/4"" 90 Cpvc Bend","NOS",false,0.0,14.0,"Approved",
"Material","PM0007","Plumbing Material","100mm Canvas Pipe","MTR",false,5.0,14.0,"Approved",
"Material","PM0879","Plumbing Material","1.1/2"" Flexible Pipe","BUNDLE",false,18.0,5.0,"Approved",
"Material","PM0880","Plumbing Material","200 X 150 MM C.I TEE","NOS",false,0.0,10.0,"Approved",
"Material","PM0160","Plumbing Material","4"" DS Pipe 2'","NOS",false,18.0,14.0,"Approved",
"Material","PM0888","Plumbing Material","SHISHA PAT","NOS",false,0.0,10.0,"Approved",
"Material","PM0776","Plumbing Material","1.1/2 u clamp cpvc","NOS",false,0.0,14.0,"Draft",
"Material","PM0881","Plumbing Material","200 MM C.I COLER","NOS",false,0.0,10.0,"Approved",
"Material","PM0885","Plumbing Material","150 MM D.I END CAP","NOS",false,0.0,10.0,"Approved",
"Material","PM0882","Plumbing Material","150 MM D.I BEND 90""","NOS",false,0.0,10.0,"Approved",
"Material","PM0296","Plumbing Material","25mm pipe","Nos",false,18.0,14.0,"Approved",
"Material","PM0883","Plumbing Material","150 MM D.I BEND 45""","NOS",false,0.0,10.0,"Approved",
"Material","PM0301","Plumbing Material","Pidifin 2K","Kg",false,0.0,5.0,"Approval",
"Material","PM0158","Plumbing Material","75mm Pvc Tee","NOS",false,0.0,14.0,"Approved",
"Material","PM0886","Plumbing Material","150 MM D.I PIPE","NOS",false,0.0,10.0,"Approved",
"Material","PM0884","Plumbing Material","150 MM D.I BEND 22""","NOS",false,0.0,10.0,"Approved",
"Material","PM0889","Plumbing Material","SHANI BHARI","NOS",false,0.0,10.0,"Approved",
"Material","PM0764","Plumbing Material","AGRI PIPE ISI 6MTR 315MM 10 KG","NOS",false,0.0,14.0,"Approved",
"Material","PM0086","Plumbing Material","Upvc Solution 237ml","NOS",false,18.0,14.0,"Approved",
"Material","PM0763","Plumbing Material","BRASS WALL 1/2","NOS",false,0.0,14.0,"Approved",
"Material","PM0887","Plumbing Material","150 MM KAPLAN VALVE","NOS",false,0.0,10.0,"Approved",
"Material","PM0760","Plumbing Material","Y STRAINER 50MM","NOS",false,18.0,14.0,"Approved",
"Material","PM0761","Plumbing Material","SEPTIC TANK 2000 LITERS","NOS",false,0.0,14.0,"Approved",
"Material","PM0762","Plumbing Material","UPVC TEE 1/2*1/2","NOS",false,0.0,14.0,"Approved",
"Material","PM0595","Plumbing Material","3/4""  1/2"" Brass Tee","Nos",false,18.0,7.0,"Approved",
"Material","PM0084","Plumbing Material","Upvc Elbow 2""","NOS",false,18.0,14.0,"Approved",
"Material","PM0766","Plumbing Material","PVC HOSE CONNECTOR 75 MM","NOS",false,0.0,14.0,"Approved",
"Material","PM0164","Plumbing Material","3"" DS Pipe 2'","NOS",false,18.0,14.0,"Approved",
"Material","PM0769","Plumbing Material","2.1/2"" X 1.1/2""  UPVC BUSHING  SCH-40","NOS",false,0.0,14.0,"Approved",
"Material","PM0657","Plumbing Material","UPVC 2"" MABT","NOS",false,18.0,14.0,"Approved",
"Material","PM0767","Plumbing Material","2.1/2"" BALL VALVE SCH-40","NOS",false,0.0,14.0,"Approved",
"Material","PM0890","Plumbing Material","3"" X 8""  Z PATTI","NOS",false,0.0,5.0,"Approved",
"Material","PM0768","Plumbing Material","2.1/2"" X 1.1/4""  UPVC   BUSHING SCH-40","NOS",false,0.0,14.0,"Approved",
"Material","PM0728","Plumbing Material","1/2"" UPVC PIPE 10 FEET","NOS",false,0.0,14.0,"Approved",
"Material","PM0891","Plumbing Material","717 Upvc Solution (500 ml)","NOS",false,18.0,10.0,"Approved",
"Material","PM0771","Plumbing Material","65MM STAINER.","NOS",false,0.0,14.0,"Approved",
"Material","PM0772","Plumbing Material","NRV VALVE 8""","NOS",false,18.0,14.0,"Approved",
"Material","PM0765","Plumbing Material","GI HOSE CLAMP 75 MM","NOS",false,0.0,14.0,"Approved",
"Material","PM0702","Plumbing Material","1/2"" UPVC THREADED END PLUG","NOS",false,18.0,14.0,"Approved",
"Material","PM0291","Plumbing Material","110MM DOUBLE ""Y""","NOS",false,18.0,14.0,"Approved",
"Material","PM0565","Plumbing Material","2.1/2"" X 4"" PRESSURE GUAGE","NOS",false,18.0,14.0,"Approved",
"Material","PM0149","Plumbing Material","4"" Pvc Elbow","NOS",false,0.0,14.0,"Approved",
"Service","PWS0009","Plumbing Work","Water Supply Looping Line Labour Work","Lumpsum",false,0.0,0.0,"Approved",
"Service","PWS0021","Plumbing Work","Perforated pipe Work","Lumpsum",false,0.0,0.0,"Approved",
"Service","PWS0034","Plumbing Work","40MM GREY PVC Y","NOS",true,0.0,12.0,"Delete",
"Service","PWS0027","Plumbing Work","De watering Service","Nos",false,18.0,0.0,"Approved",
"Service","PWS0006","Plumbing Work","Temporary Line and Borewell work","Lumpsum",false,0.0,0.0,"Approved",
"Service","PWS0020","Plumbing Work","De Watering work","Lumpsum",false,0.0,0.0,"Approved",
"Service","PWS0018","Plumbing Work","Sanitary fitting work","FLAT",false,0.0,0.0,"Approved",
"Service","PWS0010","Plumbing Work","Podium Basement Storm Water Line Labour work","Lumpsum",false,0.0,0.0,"Approved",
"Service","PWS0029","Plumbing Work","LEDGE WALL WORK","Lumpsum",false,0.0,0.0,"Approved",
"Service","PWS0031","Plumbing Work","Flush Tank Masonary and Plaster Work","Lumpsum",false,0.0,0.0,"Approved",
"Service","PWS0028","Plumbing Work","TOILET CONCEAL FITTING WORK","Lumpsum",false,0.0,0.0,"Approved",
"Service","PWS0011","Plumbing Work","Basement Storm WaterLine Labour work","Lumpsum",false,0.0,0.0,"Approved",
"Service","PWS0019","Plumbing Work","CP & Sanitary fitting work","FLAT",false,0.0,0.0,"Approved",
"Service","PWS0017","Plumbing Work","C P fitting work","FLAT",false,0.0,0.0,"Approved",
"Service","PWS0038","Plumbing Work","CHAMBER MAKING 450*450","NOS",false,18.0,0.0,"Approved",
"Service","PWS0016","Plumbing Work","Terrace Looping Line Work","Lumpsum",false,0.0,0.0,"Approved",
"Service","PWS0030","Plumbing Work","Outer Duct Vertical Line","Lumpsum",false,0.0,0.0,"Approved",
"Service","PWS0022","Plumbing Work","Water Tankers","TRIP",false,0.0,0.0,"Approved",
"Service","PWS0015","Plumbing Work","Water proofing work","FLAT",false,0.0,0.0,"Approved",
"Service","PWS0001","Plumbing Work","Main Hole Chamber Work","NOS",false,0.0,0.0,"Approved",
"Service","PWS0023","Plumbing Work","Motor Rewinding & repairing work","Nos",false,18.0,0.0,"Approved",
"Service","PWS0004","Plumbing Work","Water Tankers work","Nos",false,0.0,0.0,"Approved",
"Service","PWS0032","Plumbing Work","WATER TANKER 15,000 LTR","TRIP",false,0.0,0.0,"Approved",
"Service","PWS0008","Plumbing Work","Outer Drainage Line Labour work","Lumpsum",false,0.0,0.0,"Approved",
"Service","PWS0025","Plumbing Work","8"" Drainage line connection work","Lumpsum",false,0.0,0.0,"Approved",
"Service","PWS0026","Plumbing Work","Drainage line connection work","Lumpsum",false,0.0,0.0,"Approved",
"Service","PWS0014","Plumbing Work","Internal drainage line work","FLAT",false,0.0,0.0,"Approved",
"Service","PWS0007","Plumbing Work","Planter Drain and Water Supply Line Labour Work","Lumpsum",false,0.0,0.0,"Approved",
"Service","PWS0037","Plumbing Work","CHAMBER MAKING 600*600","NOS",false,18.0,0.0,"Approved",
"Service","PWS0035","Plumbing Work","RO service, washing and parts","Lumpsum",false,0.0,0.0,"Approved",
"Service","PWS0012","Plumbing Work","Mud Pumps work","Lumpsum",false,0.0,0.0,"Approved",
"Service","EBL0027","Plumbing Work","Construction Water Pumping System work","Lumpsum",false,0.0,0.0,"Approved",
"Service","PWS0013","Plumbing Work","Inlet fitting work","FLAT",false,0.0,0.0,"Approved",
"Service","PWS0003","Plumbing Work","Storm water 8"" PVC line","Rn.ft",false,0.0,0.0,"Approved",
"Service","PWS0005","Plumbing Work","Pnematic Pumps work","Lumpsum",false,0.0,0.0,"Approved",
"Service","PWS0033","Plumbing Work","PRESSURE TESTING WORK","FLAT",false,0.0,0.0,"Approved",
"Service","PWS0039","Plumbing Work","4"" GI PIPE","Rn.ft",false,18.0,7.0,"Delete",
"Service","PWS0036","Plumbing Work","BASEMENT DRAINAGE LINE WORK","Lumpsum",false,18.0,0.0,"Approved",
"Service","PWS0002","Plumbing Work","Storm water 6"" PVC line","Rn.ft",false,0.0,0.0,"Approved",
"Service","PWS0024","Plumbing Work","1"" Water supply line connection work","Nos",false,0.0,0.0,"Approved",
"Material","RM0016","RCC Material","Cement Sheet 12mm (4x8)","Nos",false,18.0,4.0,"Approved",
"Material","RM0017","RCC Material","Microconcrete","Bags",false,18.0,4.0,"Approved",
"Material","RM0013","RCC Material","Expansion joint sheet 25mm 1mtr x 2mtr","sqm",false,18.0,4.0,"Approved",
"Material","RM0044","RCC Material","ZYCOSIL PLUS","Ltr",false,18.0,4.0,"Approved",
"Material","RM0008","RCC Material","2"" KHILLA","PKT",false,18.0,4.0,"Approved",
"Material","RM0041","RCC Material","M-15 Grade Concrete (With Pump)","cm",false,18.0,4.0,"Approved",
"Material","RM0027","RCC Material","RED BRICS 6""","NOS",false,12.0,3.0,"Approved",
"Material","RM0023","RCC Material","KERB STONE 600 X 300 X 100","NOS",false,18.0,7.0,"Approved",
"Material","RM0052","RCC Material","RCC Water Seal Plug","KGS",false,18.0,7.0,"Approved",
"Material","RM0018","RCC Material","Dust","Ton",false,5.0,4.0,"Approved",
"Material","RM0031","RCC Material","50MM COVER BLOCK (10KG)","BAG",false,18.0,17.0,"Approved",
"Material","RM0001","RCC Material","RE-Bar Gun","Nos",false,18.0,4.0,"Approved",
"Material","RM0043","RCC Material","ZYCOPRIME PLUS","Ltr",false,18.0,7.0,"Approved",
"Material","RM0042","RCC Material","FAST PRO REBAR CHEMICAL TUBE","NOS",false,18.0,4.0,"Approved",
"Material","RM0053","RCC Material","SULFIED SILICATE LIQUID","Bucket",false,0.0,6.0,"Approved",
"Material","RM0019","RCC Material","White Sand","Brass",false,5.0,3.0,"Approved",
"Material","RM0004","RCC Material","25mm Concrete Cover","KGS",false,0.0,17.0,"Approved",
"Material","RM0011","RCC Material","25mm COVER BLOCK","BAG",false,18.0,17.0,"Approved",
"Material","RM0046","RCC Material","SHUTTERING PATTI - 1.5"" X 3"" X 8'","PCS",false,18.0,7.0,"Approved",
"Material","RM0003","RCC Material","M-20 Concrete (Fly Ash based)","Cum",false,18.0,4.0,"Approved",
"Material","RM0054","RCC Material","AAC Block","NOS",false,12.0,7.0,"Approved",
"Material","RM0032","RCC Material","150MM X 150MM X 150MM CUBE MOULD","Nos",false,18.0,17.0,"Approved",
"Material","RM0007","RCC Material","GP2 Grout","bags",false,18.0,4.0,"Approved",
"Material","RM0025","RCC Material","Kerb Stone","Nos",false,0.0,7.0,"Approved",
"Material","RM0028","RCC Material","Flow Grout ( 25 kg )","Bags",false,18.0,4.0,"Approved",
"Material","RM0005","RCC Material","CIBEX 100  225 gm","NOS",false,0.0,4.0,"Approved",
"Material","RM0035","RCC Material","SUNPLEX Pouch 330Gms","Nos",false,18.0,4.0,"Approved",
"Material","RM0009","RCC Material","1.5"" Khilla","Kg",false,0.0,4.0,"Approved",
"Material","RM0026","RCC Material","MAMRI","Ton",false,5.0,4.0,"Approved",
"Material","RM0002","RCC Material","RE-Bar Chemical","Nos",false,18.0,4.0,"Approved",
"Material","RM0010","RCC Material","40mm COVER BLOCK","BAG",false,18.0,17.0,"Approved",
"Material","RM0006","RCC Material","2.1/2"" khilla","Kg",false,18.0,4.0,"Approved",
"Material","RM0015","RCC Material","SBR Chemical - 20 LTR","Ltr",false,18.0,4.0,"Approved",
"Material","RM0020","RCC Material","DHOBA KHILLA (G.I)","KGS",false,0.0,4.0,"Approved",
"Material","RM0021","RCC Material","BLOCK JOINING CHEMICAL","BAG",false,18.0,4.0,"Approved",
"Material","RM0030","RCC Material","M-25 Grade Concrete (With Pump)","Cum",false,18.0,4.0,"Approved",
"Material","RM0014","RCC Material","KHILLA 2""  (2.5 KG)","KGS",false,18.0,4.0,"Approved",
"Material","RM0036","RCC Material","6MM FRP BAR","MTR",false,18.0,4.0,"Approved",
"Material","RM0037","RCC Material","Hack Aid Plast","Kg",false,18.0,4.0,"Approved",
"Material","RM0055","RCC Material","POICHA SAND","BRASS",false,0.0,4.0,"Approved",
"Material","RM0051","RCC Material","M-35 Grade Concrete (With Pump)","Cum",false,18.0,3.0,"Approved",
"Material","RM0038","RCC Material","M-20 Grade Concrete (With Pump)","Cum",false,18.0,7.0,"Approved",
"Material","RM0050","RCC Material","RCC JOINT SEALANT","Ltr",false,18.0,4.0,"Approved",
"Material","RM0040","RCC Material","8MM FRP BAR","MTR",false,18.0,4.0,"Approval",
"Material","RM0045","RCC Material","CERABOND EP","Kg",false,18.0,4.0,"Approved",
"Material","RM0058","RCC Material","3"" KHILI","KGS",false,0.0,4.0,"Approved",
"Material","RM0033","RCC Material","SLAG","TRIP",false,5.0,4.0,"Approved",
"Material","RM0049","RCC Material","WATER PROOF IWP LIQUID (20 L)","BKT",false,18.0,4.0,"Approved",
"Material","RM0056","RCC Material","M-25 Grade Concrete (Dumping)","Cum",false,18.0,7.0,"Approved",
"Material","RM0048","RCC Material","Recron Resin","KGS",false,18.0,4.0,"Approved",
"Material","RM0039","RCC Material","3"" Shuttering Khilla","Kg",false,0.0,4.0,"Approved",
"Material","RM0057","RCC Material","1200MM X 2.5MTR RCC M/F PIPE (NP3 CLASS)","NOS",false,18.0,7.0,"Approved",
"Material","RM0012","RCC Material","20mm COVER BLOCK","BAG",false,18.0,3.0,"Approved",
"Material","RM0022","RCC Material","CHHARU","TRIP",false,0.0,4.0,"Approved",
"Material","RM0047","RCC Material","ELEVATION BLOCK","NOS",false,18.0,10.0,"Approved",
"Material","RM0034","RCC Material","MYK ARMENT PU 1","Kg",false,18.0,4.0,"Approved",
"Material","RM0029","RCC Material","M10 Concrete","Cum",false,18.0,4.0,"Approved",
"Material","RM0024","RCC Material","BLOCK WASTAGE","Ton",false,12.0,4.0,"Approved",
"Service","RCC0001","RCC Work","8mm Rebar Work","Nos",false,18.0,0.0,"Approved",
"Service","RCC0013","RCC Work","Core Cutting Work ( 1.1/2"" X 11"")","Nos",false,18.0,0.0,"Approved",
"Service","RCC0010","RCC Work","Core Cutting Work ( 5"" X 11"")","Nos",false,18.0,0.0,"Approved",
"Service","RCC0012","RCC Work","Core Cutting Work ( 4"" X 11"")","Nos",false,18.0,0.0,"Approved",
"Service","RCC0011","RCC Work","Core Cutting Work ( 2"" X 11"")","Nos",false,18.0,0.0,"Approved",
"Service","RCC0003","RCC Work","12mm Rebar Work","Nos",false,18.0,0.0,"Approved",
"Service","RCC0015","RCC Work","CORE CUTTING WORK ( 10"" * 9"" )","NOS",false,18.0,0.0,"Approved",
"Service","RCC0007","RCC Work","Scaffolding Work (Double Palak)","Sq.Ft.",true,0.0,0.0,"Delete",
"Service","RCC0008","RCC Work","20 mm Rebar Work","Nos",false,18.0,0.0,"Approved",
"Service","RCC0009","RCC Work","Core Cutting Work ( 3"" X 11"")","Nos",false,18.0,0.0,"Approved",
"Service","RCC0004","RCC Work","16mm Rebar Work","Nos",false,18.0,0.0,"Approved",
"Service","RCC0017","RCC Work","Core Cutting Work (2.1/2"" * 9"")","NOS",false,18.0,0.0,"Approved",
"Service","RCC0016","RCC Work","Core Cutting Work ( 6"" X 11"")","NOS",false,18.0,0.0,"Approved",
"Service","RCC0014","RCC Work","CORE CUTTING WORK ( 8"" * 9"" )","NOS",false,18.0,0.0,"Approved",
"Service","RCC0002","RCC Work","10mm Rebar Work","Nos",false,18.0,0.0,"Approved",
"Service","RCC0006","RCC Work","Core Cutting Work (3"" X 9"")","Nos",false,18.0,0.0,"Approved",
"Service","RCC0005","RCC Work","Core Cutting Work (2"" X 6"")","Nos",false,18.0,0.0,"Approved",
"Service","ROW0004","Road & Other Works","Trimix Work (Labour + Material)","Sq.Ft.",false,0.0,0.0,"Approved",
"Service","ROW0005","Road & Other Works","Trimix Work ( Material )","Sq.Ft.",false,0.0,0.0,"Approved",
"Service","ROW0001","Road & Other Works","JCB work","Lumpsum",false,0.0,0.0,"Approved",
"Service","ROW0003","Road & Other Works","PCC Work Material with Labour","Sq.Ft.",false,0.0,0.0,"Approved",
"Service","ROW0002","Road & Other Works","Poclain work","Lumpsum",false,0.0,0.0,"Approved",
"Material","SND0001","Sand","Sand","Brass",false,5.0,3.0,"Approved",
"Service","SCS0001","Security & Surveillance work","Camera and DVR work","Lumpsum",false,0.0,0.0,"Approved",
"Service","SNG0001","Signages work","Signages work","Lumpsum",false,0.0,0.0,"Approved",
"Material","SM0008","Steel Material","Steel","Ton",false,0.0,5.0,"Approved",
"Material","SM0001","Steel Material","10mm Steel","KGS",false,18.0,5.0,"Approved",
"Material","SM0004","Steel Material","20mm Steel","KGS",false,0.0,5.0,"Approved",
"Material","SM0005","Steel Material","8mm Steel","KGS",false,18.0,5.0,"Approved",
"Material","SM0002","Steel Material","12mm Steel","KGS",false,18.0,5.0,"Approved",
"Material","SM0014","Steel Material","150mm Dia. MS Sleeve - A Type","NOS",false,18.0,15.0,"Approved",
"Material","SM0006","Steel Material","25mm steel","KGS",false,0.0,5.0,"Approved",
"Material","SM0016","Steel Material","65mm Dia. MS Sleeve - B Type","NOS",false,18.0,15.0,"Approved",
"Material","SM0015","Steel Material","80mm Dia. MS Sleeve - D Type","NOS",false,18.0,15.0,"Approved",
"Material","SM0017","Steel Material","50mm Dia. MS Sleeve - B Type","NOS",false,18.0,15.0,"Approved",
"Material","SM0011","Steel Material","Ms Sleeve 75 MM","NOS",false,18.0,7.0,"Approved",
"Material","SM0003","Steel Material","16mm Steel","KGS",false,18.0,5.0,"Approved",
"Material","SM0007","Steel Material","Binding wire","KGS",false,18.0,3.0,"Approval",
"Material","SM0013","Steel Material","100mm Dia. MS Sleeve - A Type","NOS",false,18.0,15.0,"Approved",
"Material","SM0012","Steel Material","50mm Dia. MS Sleeve - A Type","NOS",false,18.0,15.0,"Approved",
"Material","SM0009","Steel Material","T.M.T Bars ( FE 500)","Kg",false,18.0,5.0,"Approved",
"Material","SM0010","Steel Material","MS INSERT PLATE - 10 MM","NOS",false,18.0,7.0,"Approved",
"Service","FTL0009","Stone Framing and Tiling Labour Work","1200 X 2400 Dado work","Sq.Ft.",false,0.0,0.0,"Approved",
"Service","FTL0036","Stone Framing and Tiling Labour Work","Flooring Labour work (Rn.ft)","Rn.ft",false,0.0,0.0,"Approved",
"Service","FTL0027","Stone Framing and Tiling Labour Work","Berma Hole","Nos",false,0.0,0.0,"Approved",
"Service","FTL0021","Stone Framing and Tiling Labour Work","Italian  Skirting (RFT)","Rn.ft",false,0.0,0.0,"Approved",
"Service","FTL0029","Stone Framing and Tiling Labour Work","Door Frame Fitting","Rn.ft",false,0.0,0.0,"Approved",
"Service","FTL0008","Stone Framing and Tiling Labour Work","1200 X 2400 Flooring Work","Sq.Ft.",false,18.0,0.0,"Approved",
"Service","FTL0026","Stone Framing and Tiling Labour Work","M/C Hole","Nos",false,0.0,0.0,"Approved",
"Service","FTL0020","Stone Framing and Tiling Labour Work","Italian Flooring (RFT)","Sq.Ft.",false,0.0,0.0,"Approved",
"Service","FTL0025","Stone Framing and Tiling Labour Work","Sink Cutting and Fitting","Nos",false,0.0,0.0,"Approved",
"Service","FTL0001","Stone Framing and Tiling Labour Work","600 X 600 Tiles Flooring","Sq.Ft.",false,0.0,0.0,"Approved",
"Service","FTL0019","Stone Framing and Tiling Labour Work","Italian Flooring","Sq.Ft.",false,0.0,0.0,"Approved",
"Service","FTL0003","Stone Framing and Tiling Labour Work","600 X 1200 Tiles Dado","Sq.Ft.",false,0.0,0.0,"Approved",
"Service","FTL0013","Stone Framing and Tiling Labour Work","Window Pink Marble Frame Fitting","Rn.ft",false,0.0,0.0,"Approved",
"Service","FTL0014","Stone Framing and Tiling Labour Work","Kitchen Platform Work ( with pink marble, angle & granite )","Sq.Ft.",false,0.0,0.0,"Approved",
"Service","FTL0015","Stone Framing and Tiling Labour Work","Basin Platform Work Granite/ composite","Sq.Ft.",false,0.0,0.0,"Approved",
"Service","FTL0016","Stone Framing and Tiling Labour Work","Half Round Granite/ composite","Rn.ft",false,0.0,0.0,"Approved",
"Service","FTL0024","Stone Framing and Tiling Labour Work","Zali, electrical switch board khacha","Nos",false,0.0,0.0,"Approved",
"Service","FTL0035","Stone Framing and Tiling Labour Work","Flooring Labour work","Sq.Ft.",false,0.0,0.0,"Approved",
"Service","FTL0006","Stone Framing and Tiling Labour Work","800 X 1600 Flooring","Sq.Ft.",false,0.0,0.0,"Approved",
"Service","FTL0018","Stone Framing and Tiling Labour Work","Granite Cutting","Rn.ft",false,0.0,0.0,"Approved",
"Service","FTL0030","Stone Framing and Tiling Labour Work","Window Granite  Frame Fitting","Rn.ft",false,0.0,0.0,"Approved",
"Service","FTL0005","Stone Framing and Tiling Labour Work","200 X 1200 Tiles Flooring","Sq.Ft.",false,0.0,0.0,"Approved",
"Service","FTL0017","Stone Framing and Tiling Labour Work","Full Round Granite/ composite","Rn.ft",false,0.0,0.0,"Approved",
"Service","FTL0031","Stone Framing and Tiling Labour Work","Katra Cutting","Rn.ft",false,0.0,0.0,"Approved",
"Service","FTL0002","Stone Framing and Tiling Labour Work","600 X 1200 Tiles Flooring","Sq.Ft.",false,0.0,0.0,"Approved",
"Service","FTL0037","Stone Framing and Tiling Labour Work","GRANITE WORK","Sq.Ft.",false,0.0,0.0,"Approved",
"Service","FTL0033","Stone Framing and Tiling Labour Work","Kitchen Platform Work (with pink marble,angle and granite)","Rn.ft",false,0.0,0.0,"Approved",
"Service","FTL0034","Stone Framing and Tiling Labour Work","400 X 400 Tiles Flooring","Sq.Ft.",false,0.0,0.0,"Approved",
"Service","FTL0022","Stone Framing and Tiling Labour Work","Italian Chamfer","Rn.ft",false,0.0,0.0,"Approved",
"Service","FTL0032","Stone Framing and Tiling Labour Work","800 X 800 Tiles flooring / skirting","Sq.Ft.",false,0.0,0.0,"Approved",
"Service","FTL0038","Stone Framing and Tiling Labour Work","MARBLE WORK","Sq.Ft.",false,0.0,0.0,"Approved",
"Service","FTL0028","Stone Framing and Tiling Labour Work","Spacer","Rn.ft",false,0.0,0.0,"Approved",
"Service","FTL0010","Stone Framing and Tiling Labour Work","Stone frame/ Tiles frame/ Composite","Rn.ft",false,0.0,0.0,"Approved",
"Service","FTL0039","Stone Framing and Tiling Labour Work","Toilet Dado, Flooring, Granite Frame & Basin Shelf (Full Bathroom)","NOS",false,18.0,0.0,"Approved",
"Service","FTL0011","Stone Framing and Tiling Labour Work","Stone Dhar Polish","Rn.ft",false,0.0,0.0,"Approved",
"Service","FTL0004","Stone Framing and Tiling Labour Work","600 X 600 Tiles Dado","Sq.Ft.",false,0.0,0.0,"Approved",
"Service","FTL0023","Stone Framing and Tiling Labour Work","Italian V Groove (Single)","Rn.ft",false,0.0,0.0,"Approved",
"Service","FTL0007","Stone Framing and Tiling Labour Work","800 X 1600 Dado","Sq.Ft.",false,0.0,0.0,"Approved",
"Service","FTL0012","Stone Framing and Tiling Labour Work","Stone Chamfer","Rn.ft",false,0.0,0.0,"Approved",
"Material","TG0001","Test Group","Test Material","Lumpsum",false,18.0,0.0,"Approved",
"Material","TG0002","Test Group","TEST MATERIAL 2","box",false,18.0,7.0,"Approved",
"Service","TSG0001","Test Service Group","Test Service","Lumpsum",false,18.0,0.0,"Approved",
"Service","TSG0002","Test Service Group","service tax test","Lumpsum",false,18.0,0.0,"Approved",
"Service","TCW0003","Texture & Colour Work","Texure Work","Sq.Ft.",false,0.0,0.0,"Approved",
"Service","TCW0002","Texture & Colour Work","Planter Colour Work","Rn.ft",false,18.0,0.0,"Approved",
"Service","TCW0006","Texture & Colour Work","Wall Putty Work","Sq.Ft.",false,0.0,0.0,"Approved",
"Service","TCW0001","Texture & Colour Work","Pipe Colour Work","Rn.ft",false,18.0,0.0,"Approved",
"Service","TCW0005","Texture & Colour Work","EPOXY WORK","RFT",false,18.0,0.0,"Approved",
"Service","TCW0004","Texture & Colour Work","PAINT WORK - LABOUR","Sq.Ft.",false,18.0,0.0,"Approved",
"Material","WP0002","WATERPROOFING MATERIAL","POLYALK EP","Kg",false,18.0,7.0,"Approved",
"Material","WP0003","WATERPROOFING MATERIAL","MYK TUFCRETE (20 Ltr)","BKT",false,18.0,7.0,"Approved",
"Material","WP0001","WATERPROOFING MATERIAL","POLYALK WP","Kg",false,18.0,7.0,"Approved",
"Service","WPW0002","Water Proofing work","Retaining wall waterproofing work","Sq.Ft.",false,0.0,0.0,"Approved",
"Service","WPW0003","Water Proofing work","Terrace & water tank Water Proofing work","Sq.Ft.",false,0.0,0.0,"Approved",
"Service","WPW0010","Water Proofing work","China Mosaic Work","Sq.Ft.",false,18.0,0.0,"Approved",
"Service","WPW0005","Water Proofing work","Crystaline Coating Work","Sq.Ft.",false,18.0,60.0,"Approved",
"Service","WPW0009","Water Proofing work","PU COATING WORK","Sq.Ft.",false,18.0,0.0,"Approved",
"Service","WPW0011","Water Proofing work","Gabda Filling Work","NOS",false,18.0,0.0,"Approved",
"Service","WPW0001","Water Proofing work","Podium Water Proofing work","Sq.Ft.",false,0.0,0.0,"Approved",
"Service","WPW0004","Water Proofing work","Brick Bat Water Proofing Work","Sq.Ft.",false,0.0,0.0,"Approved",
"Service","WPW0012","Water Proofing work","Watta Work","RFT",false,18.0,0.0,"Approved",
"Service","WPW0006","Water Proofing work","Anchor Grouting Work","Sq.Ft.",false,0.0,0.0,"Approved",
"Service","WPW0007","Water Proofing work","Injection Grouting Work","Nos",false,0.0,0.0,"Approved",
"Service","WPW0008","Water Proofing work","BBC WORK","Sq.Ft.",false,18.0,0.0,"Approved",
